dataset,batch,algo,run,lam,seconds,train_ce,ce,train_acc,acc,f1,gen_factor
iris,8,sgd,1,0.001,50.09,0.034389399684926894,0.05993794239674142,1.0,0.9666666666666667,0.9665831244778612,1.742919124668891
iris,8,sgd,0,0.001,50.54,0.038647133494382535,0.12016348326593963,0.9888888888888889,0.9333333333333333,0.9326599326599326,3.109246984214385
iris,8,sgd,4,0.001,52.22,0.056680115719894085,0.028105384327583784,0.9777777777777777,1.0,1.0,0.4958596850168234
iris,8,sgd,5,0.001,56.88,0.0513086646096575,0.007579826080348874,0.9888888888888889,1.0,1.0,0.14772994265226252
iris,8,sgd,2,0.001,69.81,0.04569508441252481,0.08415654954041447,0.9888888888888889,0.9333333333333333,0.9326599326599326,1.8416980868372694
iris,8,sgd,3,0.001,77.74,0.052358637039619696,0.026191716079139785,0.9888888888888889,1.0,1.0,0.5002367815518298
iris,8,sgd,7,0.001,52.35,0.03887471341900975,0.0698831463363631,1.0,0.9666666666666667,0.9665831244778613,1.797650456818293
iris,8,sgd,9,0.001,49.09,0.051019781755257045,0.08336383813637314,0.9888888888888889,0.9333333333333333,0.9326599326599326,1.633951288468289
iris,8,sgd,6,0.001,57.23,0.05996515914565223,0.06450686645313732,0.9777777777777777,0.9666666666666667,0.9665831244778612,1.075739102041796
iris,8,sgd,8,0.001,59.62,0.07274001690342627,0.04089957520246978,0.9777777777777777,1.0,1.0,0.5622706309894092
iris,8,sgd,12,0.001,41.08,0.05973974011737352,0.03684345620446143,0.9777777777777777,1.0,1.0,0.6167327834381826
iris,8,sgd,13,0.001,41.33,0.03934745891031778,0.06248599391425242,0.9888888888888889,0.9666666666666667,0.9665831244778612,1.5880566533323757
iris,8,sgd,10,0.001,89.37,0.060380803505956405,0.02515006094013078,0.9777777777777777,1.0,1.0,0.4165241182597014
iris,8,sgd,11,0.001,90.64,0.046835601382051055,0.06721816615311059,0.9888888888888889,0.9666666666666667,0.9665831244778612,1.4351938305391505
iris,8,sgd,16,0.001,45.23,0.0435092369475542,0.09428303069804052,0.9888888888888889,0.9666666666666667,0.9665831244778612,2.166965851680846
iris,8,sgd,17,0.001,45.79,0.05670854526631744,0.0318991861911225,0.9888888888888889,1.0,1.0,0.5625111002462854
iris,8,sgd,14,0.001,97.1,0.036204306326215886,0.09803760527941088,1.0,0.9666666666666667,0.9665831244778612,2.70789901057767
iris,8,sgd,15,0.001,97.77,0.03083761917028681,0.1438878703213521,1.0,0.9333333333333333,0.9326599326599326,4.665985059572738
iris,8,sgd,20,0.001,46.06,0.029350437917811393,0.04606585065370608,1.0,0.9666666666666667,0.9665831244778612,1.5695115276542737
iris,8,sgd,21,0.001,45.21,0.019887402030802546,0.1447742785512409,1.0,0.9333333333333333,0.9333333333333332,7.2796978874871465
iris,8,sgd,18,0.001,97.03,0.04749037000531812,0.11215971466588802,1.0,0.9333333333333333,0.9326599326599326,2.361735961487098
iris,8,sgd,19,0.001,95.29,0.04479431209583491,0.03927543463165219,0.9888888888888889,1.0,1.0,0.8767951285338327
iris,8,sgd,24,0.001,37.86,0.026029215912399244,0.09703426740158319,1.0,0.9333333333333333,0.9333333333333332,3.7278982097712774
iris,8,sgd,25,0.001,37.69,0.03402194204727306,0.16792669526005652,1.0,0.8666666666666667,0.8666666666666667,4.935835086272397
iris,8,sgd,22,0.001,89.69,0.059658784631871645,0.04716922214590866,0.9666666666666667,1.0,1.0,0.7906500683339321
iris,8,sgd,23,0.001,88.8,0.06383966006222891,0.0642762198205789,0.9777777777777777,0.9666666666666667,0.9665831244778612,1.006838378492687
iris,8,sgd,28,0.001,38.76,0.07636220947608584,0.033530186529601914,0.9777777777777777,1.0,1.0,0.43909398064369104
iris,8,sgd,29,0.001,39.28,0.057969110170270115,0.07953874733181468,0.9777777777777777,0.9333333333333333,0.9326599326599326,1.3720884639800235
iris,8,sgd,26,0.001,87.05,0.07412387482408764,0.047397822023163075,0.9666666666666667,0.9666666666666667,0.9665831244778613,0.6394406948590936
iris,8,sgd,27,0.001,88.31,0.024917026490142578,0.12397485338579119,1.0,0.9333333333333333,0.9333333333333332,4.975507548416215
iris,8,pso,2,0.001,47.65,7.5278340469023455,7.526357830420337,0.3333333333333333,0.3333333333333333,0.16666666666666666,0.9998038989073337
iris,8,pso,3,0.001,49.57,8.158543191356264,8.173649788151543,0.3333333333333333,0.3333333333333333,0.16666666666666666,1.0018516291991055
iris,8,pso,0,0.001,115.17,7.031204034860627,7.071371444336104,0.3333333333333333,0.3333333333333333,0.16666666666666666,1.0057127355821744
iris,8,pso,6,0.001,51.84,7.7052665579112585,7.779267593817027,0.3333333333333333,0.3333333333333333,0.16666666666666666,1.0096039553401028
iris,8,pso,1,0.001,113.05,9.748283037771973,9.747436703882824,0.3333333333333333,0.3333333333333333,0.16666666666666666,0.9999131812355192
iris,8,pso,7,0.001,52.08,7.029632815280174,7.029482684598597,0.3333333333333333,0.3333333333333333,0.16666666666666666,0.9999786431687796
iris,8,pso,9,0.001,50.14,7.605522237471784,7.61435296708201,0.3333333333333333,0.3333333333333333,0.16666666666666666,1.0011610944435503
iris,8,pso,4,0.001,119.45,6.8329699414029115,6.828490804607827,0.3333333333333333,0.3333333333333333,0.16666666666666666,0.9993444817065645
iris,8,pso,11,0.001,49.21,9.742436637527849,9.747252543223931,0.3333333333333333,0.3333333333333333,0.16666666666666666,1.000494322506295
iris,8,pso,5,0.001,118.27,8.992751187708052,8.99499119046713,0.3333333333333333,0.3333333333333333,0.16666666666666666,1.0002490898182683
iris,8,pso,12,0.001,42.37,7.711569882063014,7.749310651147735,0.3333333333333333,0.3333333333333333,0.16666666666666666,1.0048940448782686
iris,8,pso,14,0.001,42.65,7.223832611721488,7.215987383229736,0.3333333333333333,0.3333333333333333,0.16666666666666666,0.9989139797509949
iris,8,pso,8,0.001,108.74,6.212405726822937,6.210225881441921,0.3333333333333333,0.3333333333333333,0.16666666666666666,0.9996491141311642
iris,8,pso,10,0.001,108.4,7.0542310422922485,7.051954832005799,0.3333333333333333,0.3333333333333333,0.16666666666666666,0.9996773269442405
iris,8,pso,16,0.001,45.11,9.671228030003023,9.678168400478249,0.3333333333333333,0.3333333333333333,0.16666666666666666,1.0007176307345556
iris,8,pso,17,0.001,45.69,9.720535234570663,9.723640256381811,0.3333333333333333,0.3333333333333333,0.16666666666666666,1.0003194290989352
iris,8,pso,13,0.001,104.56,4.36736698470667,4.199605876343633,0.3333333333333333,0.3333333333333333,0.16666666666666666,0.9615875860786396
iris,8,pso,15,0.001,106.21,8.960974994174306,8.961292533931381,0.3333333333333333,0.3333333333333333,0.16666666666666666,1.0000354358490322
iris,8,pso,20,0.001,50.91,7.586124014147763,7.588238542895376,0.3333333333333333,0.3333333333333333,0.16666666666666666,1.0002787363802212
iris,8,pso,21,0.001,51.54,8.95253753507688,8.958181897606737,0.3333333333333333,0.3333333333333333,0.16666666666666666,1.0006304762764457
iris,8,pso,18,0.001,117.64,7.315443080581417,7.309699594341557,0.3333333333333333,0.3333333333333333,0.16666666666666666,0.9992148819727534
iris,8,pso,19,0.001,118.02,6.7726876920638865,6.761578409288783,0.3333333333333333,0.3333333333333333,0.16666666666666666,0.9983596936282592
iris,8,pso,24,0.001,52.64,7.718336560502187,7.718244427424465,0.3333333333333333,0.3333333333333333,0.16666666666666666,0.9999880630914447
iris,8,pso,25,0.001,75.49,7.960888608977942,7.95806932253444,0.3333333333333333,0.3333333333333333,0.16666666666666666,0.9996458578204044
iris,8,pso,22,0.001,122.12,8.991143895565152,8.989768594820719,0.3333333333333333,0.3333333333333333,0.16666666666666666,0.9998470382900766
iris,8,pso,27,0.001,53.47,7.130983727714503,7.125620413492598,0.3333333333333333,0.3333333333333333,0.16666666666666666,0.9992478857859315
iris,8,pso,23,0.001,121.05,7.6737717050567245,7.673560875295308,0.3333333333333333,0.3333333333333333,0.16666666666666666,0.999972525927338
iris,8,pso,28,0.001,50.01,8.058422246689036,8.057814340239059,0.3333333333333333,0.3333333333333333,0.16666666666666666,0.9999245625965769
iris,8,qso,2,0.001,45.05,0.08590421608117314,0.1366123125577474,0.9666666666666667,0.9333333333333333,0.9326599326599326,1.5902864700919783
iris,8,qso,3,0.001,42.49,0.16565067928786714,0.14986126697059685,0.9333333333333333,0.9333333333333333,0.9333333333333332,0.904682477698558
iris,8,pso,26,0.001,110.24,6.171933439362129,6.188174771158497,0.3333333333333333,0.3333333333333333,0.16666666666666666,1.0026314820073703
iris,8,qso,1,0.001,87.16,0.13006202414161466,0.0777842907373072,0.9666666666666667,1.0,1.0,0.5980553605148708
iris,8,pso,29,0.001,104.01,8.751149017779017,8.755153980916118,0.3333333333333333,0.3333333333333333,0.16666666666666666,1.000457649975902
iris,8,qso,4,0.001,44.82,0.06074189281464413,0.11025831709234493,0.9888888888888889,0.9666666666666667,0.9665831244778613,1.8151939622428592
iris,8,qso,5,0.001,44.92,0.09288209321070065,0.01255004164498872,0.9555555555555556,1.0,1.0,0.1351179889596079
iris,8,qso,0,0.001,103.31,0.07648499908576246,0.15297343987662193,0.9777777777777777,0.9333333333333333,0.9326599326599326,2.000044998432871
iris,8,qso,9,0.001,50.84,0.08228102453209167,0.09816050984155605,0.9777777777777777,0.9333333333333333,0.9326599326599326,1.192990855422212
iris,8,qso,10,0.001,51.46,0.30125709176588245,0.10984063976871787,0.9,0.9666666666666667,0.9665831244778613,0.36460764832078685
iris,8,qso,6,0.001,115.0,0.1944417012208766,0.24329559339618115,0.9444444444444444,0.9,0.8976982097186701,1.2512521329969688
iris,8,qso,12,0.001,51.91,0.4813255449771178,0.5184655047979319,0.8444444444444444,0.8333333333333334,0.8222222222222223,1.0771618298849683
iris,8,qso,13,0.001,52.45,0.05281986020401046,0.06293106277814389,0.9777777777777777,0.9666666666666667,0.9665831244778612,1.1914280449641501
iris,8,qso,7,0.001,120.26,0.18899385582558112,0.02146162001638604,0.9222222222222223,1.0,1.0,0.11355723667647992
iris,8,qso,8,0.001,121.79,0.18078637954501753,0.09276561263086247,0.9222222222222223,0.9666666666666667,0.9665831244778613,0.5131227964425437
iris,8,qso,11,0.001,123.97,0.07047841300544531,0.058411950915191205,0.9888888888888889,0.9666666666666667,0.9665831244778612,0.8287920857508266
iris,8,qso,16,0.001,49.12,0.07657227055189547,0.0994881754770192,0.9333333333333333,0.9666666666666667,0.9665831244778612,1.2992715869590532
iris,8,qso,15,0.001,61.03,0.04777223932071717,0.19385418670124988,0.9888888888888889,0.9333333333333333,0.9326599326599326,4.057883604739919
iris,8,qso,18,0.001,57.9,0.1325803767613645,0.30685394920239806,0.9555555555555556,0.9333333333333333,0.9326599326599326,2.314474861952715
iris,8,qso,14,0.001,112.52,0.0726294369343128,0.13475966165566344,0.9666666666666667,0.9666666666666667,0.9665831244778612,1.8554413657033055
iris,8,qso,20,0.001,42.91,0.032637346713135534,0.0926999757013368,0.9888888888888889,0.9666666666666667,0.9665831244778612,2.840303671622543
iris,8,qso,17,0.001,106.78,0.1652302862960052,0.058262546068956075,0.9333333333333333,0.9666666666666667,0.9665831244778612,0.3526142051498987
iris,8,qso,22,0.001,53.91,0.13791688448386982,0.13953121694743506,0.9444444444444444,0.9333333333333333,0.9326599326599326,1.0117051111588446
iris,8,qso,19,0.001,104.6,0.0697655434967761,0.08164087312566588,0.9777777777777777,1.0,1.0,1.1702176896169172
iris,8,qso,21,0.001,74.87,0.05180786157706289,0.2426319167967642,0.9888888888888889,0.9333333333333333,0.9326599326599326,4.683303062718683
iris,8,qso,24,0.001,48.85,0.05135822751619175,0.09510596408260195,0.9888888888888889,0.9333333333333333,0.9333333333333332,1.8518155450870617
iris,8,qso,23,0.001,102.2,0.12498227535898251,0.19303789047863354,0.9444444444444444,0.9333333333333333,0.9326599326599326,1.544522132631824
iris,8,qso,28,0.001,50.84,0.12549295977746552,0.11814436730703258,0.9666666666666667,0.9333333333333333,0.934609250398724,0.9414421933830864
iris,8,qso,29,0.001,51.73,0.08357754964734677,0.10990599950860423,0.9777777777777777,0.9333333333333333,0.9326599326599326,1.3150182073098535
iris,16,sgd,1,0.001,24.62,0.03445557487340953,0.05834343798874082,1.0,0.9666666666666667,0.9665831244778612,1.6932945743350905
iris,16,sgd,2,0.001,24.5,0.045769480357054644,0.08494922350445532,0.9888888888888889,0.9333333333333333,0.9326599326599326,1.8560233334910854
iris,8,qso,25,0.001,119.06,0.08089374956837764,0.31022416972523315,0.9888888888888889,0.9,0.8976982097186701,3.8349584656476794
iris,16,sgd,3,0.001,24.49,0.05257428554984082,0.02673881959860249,0.9888888888888889,1.0,1.0,0.5085912118245314
iris,16,sgd,0,0.001,53.44,0.03845720712106958,0.12032349383988981,0.9888888888888889,0.9333333333333333,0.9326599326599326,3.128763185040759
iris,16,sgd,4,0.001,24.68,0.056456888444815966,0.02809421921504104,0.9777777777777777,1.0,1.0,0.4976225220506415
iris,8,qso,26,0.001,121.57,0.12343402562500488,0.15511239756809628,0.9555555555555556,0.9333333333333333,0.9326599326599326,1.25664213560798
iris,8,qso,27,0.001,121.25,0.05124510957165698,0.12807044653014338,0.9888888888888889,0.9333333333333333,0.9333333333333332,2.4991740207143103
iris,16,sgd,6,0.001,24.53,0.059460114891371894,0.07125882737134281,0.9777777777777777,0.9666666666666667,0.9665831244778612,1.1984307043726046
iris,16,sgd,8,0.001,24.08,0.07286742779509735,0.04050719728094086,0.9777777777777777,1.0,1.0,0.5559026646974118
iris,16,sgd,11,0.001,22.39,0.04723698286340922,0.06613086215344824,0.9888888888888889,0.9666666666666667,0.9665831244778612,1.3999806538167918
iris,16,sgd,5,0.001,50.85,0.051740489677680045,0.008013297037609909,0.9888888888888889,1.0,1.0,0.15487478157878176
iris,16,sgd,7,0.001,50.15,0.03908365376203496,0.07076827324171332,1.0,0.9666666666666667,0.9665831244778613,1.8106872421036577
iris,16,sgd,12,0.001,21.3,0.05958575816122632,0.035257801907379434,0.9777777777777777,1.0,1.0,0.5917152520234678
iris,16,sgd,9,0.001,47.69,0.05152703707178079,0.08529749620720711,0.9888888888888889,0.9333333333333333,0.9326599326599326,1.6553929947181263
iris,16,sgd,10,0.001,47.3,0.06053847067479149,0.025229144131956042,0.9777777777777777,1.0,1.0,0.4167456470363329
iris,16,sgd,13,0.001,19.76,0.03964454857723124,0.06272761859290625,0.9888888888888889,0.9666666666666667,0.9665831244778612,1.5822507972491366
iris,16,sgd,16,0.001,19.45,0.04412863104043953,0.09383993408950027,0.9888888888888889,0.9666666666666667,0.9665831244778612,2.126509068534332
iris,16,sgd,19,0.001,19.96,0.044925438423624765,0.03962022050240919,0.9888888888888889,1.0,1.0,0.8819106032713585
iris,16,sgd,14,0.001,43.35,0.036349251344346814,0.09874455581776988,1.0,0.9666666666666667,0.9665831244778612,2.716549919621028
iris,16,sgd,20,0.001,20.33,0.029709427750507198,0.0462935240727049,1.0,0.9666666666666667,0.9665831244778612,1.5582098874965566
iris,16,sgd,15,0.001,43.47,0.03107750722241203,0.14265365279801107,1.0,0.9333333333333333,0.9326599326599326,4.590254030900334
iris,16,sgd,17,0.001,44.38,0.0570431558603804,0.03164722572020929,0.9888888888888889,1.0,1.0,0.5547944401545641
iris,16,sgd,21,0.001,21.0,0.020368278494658443,0.14470909511519928,1.0,0.9333333333333333,0.9333333333333332,7.104630622227061
iris,16,sgd,18,0.001,44.45,0.047069628688303576,0.11843211277302464,0.9888888888888889,0.9333333333333333,0.9326599326599326,2.5161046745723334
iris,16,sgd,23,0.001,21.2,0.06417433575692699,0.06448446444876138,0.9777777777777777,0.9666666666666667,0.9665831244778612,1.0048325968344896
iris,16,sgd,26,0.001,21.5,0.07411494501842328,0.04899284016106778,0.9777777777777777,0.9666666666666667,0.9665831244778613,0.6610386089997001
iris,16,sgd,28,0.001,21.82,0.07633110468780363,0.03310696106157685,0.9777777777777777,1.0,1.0,0.43372831032624587
iris,16,sgd,22,0.001,46.95,0.05979290780491154,0.04536866150131873,0.9666666666666667,1.0,1.0,0.7587632574977735
iris,16,sgd,24,0.001,47.54,0.026138522038785365,0.09704150950944633,1.0,0.9333333333333333,0.9333333333333332,3.71258594366783
iris,16,sgd,29,0.001,23.33,0.0581962786822512,0.08095578918507593,0.9777777777777777,0.9333333333333333,0.9326599326599326,1.3910818873332182
iris,16,sgd,25,0.001,49.34,0.03430122393360078,0.16733372180883005,1.0,0.8666666666666667,0.8666666666666667,4.878360088046693
iris,16,sgd,27,0.001,49.61,0.025074836028571527,0.12311491286333412,1.0,0.9333333333333333,0.9333333333333332,4.9098990207972175
iris,16,pso,0,0.001,36.02,0.7906825855501438,0.7843233117612436,0.6666666666666666,0.6666666666666666,0.5555555555555555,0.9919572355517663
iris,16,pso,2,0.001,36.01,1.842851221727714,1.8135285953323395,0.6666666666666666,0.6666666666666666,0.5555555555555555,0.984088446180759
iris,16,pso,3,0.001,29.27,1.0456567628960216,1.1301043989561015,0.6555555555555556,0.6666666666666666,0.5555555555555555,1.0807603786028182
iris,16,pso,1,0.001,64.33,1.9020034597288764,1.9167759846771142,0.6666666666666666,0.6666666666666666,0.5473453749315819,1.007766823384403
iris,16,pso,7,0.001,27.54,1.6418709289774982,1.5557430682942222,0.6666666666666666,0.6666666666666666,0.5411255411255411,0.9475428554320566
iris,16,pso,8,0.001,27.56,1.5132439083381048,1.5480116908918495,0.6666666666666666,0.6666666666666666,0.5473453749315819,1.0229756633165157
iris,16,pso,4,0.001,60.77,1.445434696459216,1.347554511197532,0.6666666666666666,0.6666666666666666,0.5473453749315819,0.932283218673625
iris,16,pso,5,0.001,64.2,1.4307421509193192,1.3084650258862602,0.6666666666666666,0.6666666666666666,0.5555555555555555,0.9145358756960573
iris,16,pso,10,0.001,27.64,1.0313368046240254,1.3525963072867822,0.6666666666666666,0.6666666666666666,0.5555555555555555,1.3114981461171378
iris,16,pso,11,0.001,27.7,1.9507651094309229,2.071194890846853,0.6666666666666666,0.6666666666666666,0.5555555555555555,1.0617346398260434
iris,16,pso,6,0.001,64.4,2.136433461124635,2.2352141720371814,0.6666666666666666,0.6666666666666666,0.5555555555555555,1.0462362683930944
iris,16,pso,14,0.001,27.57,1.9065205274126382,1.8493141226773366,0.6666666666666666,0.6666666666666666,0.5473453749315819,0.9699943410454976
iris,16,pso,15,0.001,27.81,0.7442144847540719,0.6396108822468103,0.7888888888888889,0.7,0.6068713894800851,0.859444280311437
iris,16,pso,9,0.001,64.32,0.48198662526129904,0.29306571173205964,0.8111111111111111,0.9333333333333333,0.9326599326599326,0.6080370208886609
iris,16,pso,12,0.001,63.31,1.5808980086688773,1.6465254596830172,0.6666666666666666,0.6666666666666666,0.5473453749315819,1.041512767208429
iris,16,pso,13,0.001,62.4,1.0417324622772912,1.146794248446392,0.6666666666666666,0.6666666666666666,0.5411255411255411,1.1008529444685147
iris,16,pso,17,0.001,24.92,1.2925530226123767,1.216749539498475,0.6777777777777778,0.6666666666666666,0.5473453749315819,0.9413536761836699
iris,16,pso,18,0.001,24.68,1.8135970682599807,1.884249504808224,0.6666666666666666,0.6666666666666666,0.5555555555555555,1.0389570747465033
iris,16,pso,16,0.001,59.21,1.1843133823541978,1.146037016758617,0.6666666666666666,0.6666666666666666,0.5367686527106817,0.9676805428648501
iris,16,pso,22,0.001,21.66,1.338356147498343,1.2158299447712473,0.6666666666666666,0.6333333333333333,0.5077831454643049,0.9084502260806125
iris,16,pso,23,0.001,21.69,0.3458558630049725,0.3496959758245354,0.8444444444444444,0.8333333333333334,0.8174603174603176,1.0111032173524486
iris,16,pso,19,0.001,52.9,1.72443957624088,1.7111699203424668,0.6666666666666666,0.6666666666666666,0.5555555555555555,0.9923049458611128
iris,16,pso,25,0.001,22.53,1.8803962237442204,1.8915234110640355,0.6666666666666666,0.6666666666666666,0.5555555555555555,1.0059174695095159
iris,16,pso,20,0.001,52.01,0.2900071953402963,0.20836704741875714,0.8888888888888888,0.9,0.8995215311004784,0.718489233255947
iris,16,pso,26,0.001,22.66,1.1442939165464348,1.1179849277395795,0.6666666666666666,0.6666666666666666,0.5555555555555555,0.9770085391293019
iris,16,pso,21,0.001,51.68,0.5179882441502702,0.6927583448823635,0.7333333333333333,0.7333333333333333,0.6754850088183421,1.3374016740839236
iris,16,pso,24,0.001,52.55,1.7176544934188978,1.7213253622302083,0.6666666666666666,0.6666666666666666,0.5555555555555555,1.0021371404001067
iris,16,pso,28,0.001,23.2,1.4214415756583247,1.3171957126138922,0.6666666666666666,0.6666666666666666,0.5555555555555555,0.9266618728271317
iris,16,qso,0,0.001,23.11,0.06584541939761662,0.14472302411512944,0.9888888888888889,0.9333333333333333,0.9326599326599326,2.197920909899587
iris,16,pso,27,0.001,54.33,0.5958691500183457,0.435781329614203,0.8,0.8,0.7802197802197802,0.7313372904114706
iris,16,qso,3,0.001,23.51,0.05582992695498402,0.02564214348454089,0.9888888888888889,1.0,1.0,0.45929029255611054
iris,16,qso,4,0.001,23.76,0.06392328673792808,0.04776446504687489,0.9666666666666667,1.0,1.0,0.7472154121658211
iris,16,pso,29,0.001,55.37,1.3615174560631818,1.597330885897922,0.6666666666666666,0.6666666666666666,0.5555555555555555,1.1731989764689417
iris,16,qso,1,0.001,55.39,0.06635651506796758,0.05581402274978402,0.9666666666666667,1.0,1.0,0.8411234781183866
iris,16,qso,6,0.001,24.98,0.08767042884892805,0.06019899329981029,0.9555555555555556,1.0,1.0,0.6866510645629897
iris,16,qso,7,0.001,25.32,0.06929538980572852,0.04022153679142328,0.9777777777777777,0.9666666666666667,0.9665831244778613,0.5804359698990862
iris,16,qso,2,0.001,57.01,0.11883709218533581,0.1298055945913548,0.9555555555555556,0.9666666666666667,0.9665831244778613,1.092298643498553
iris,16,qso,10,0.001,26.95,0.12247243526895991,0.02360523057586086,0.9555555555555556,1.0,1.0,0.192739129617385
iris,16,qso,11,0.001,27.1,0.05378263406188501,0.05511565768832648,0.9777777777777777,0.9666666666666667,0.9665831244778612,1.0247853912269829
iris,16,qso,5,0.001,60.68,0.05524789363106879,0.00979109810604076,0.9888888888888889,1.0,1.0,0.17722120179681766
iris,16,qso,8,0.001,62.19,0.1478041756996555,0.07971564880030467,0.9444444444444444,0.9666666666666667,0.9665831244778613,0.5393328600018061
iris,16,qso,9,0.001,62.41,0.0638898273707394,0.2258740021166571,0.9666666666666667,0.9333333333333333,0.9326599326599326,3.535367231561876
iris,16,qso,13,0.001,27.49,0.04582651330257326,0.07682123629499689,0.9777777777777777,0.9666666666666667,0.9665831244778612,1.676349142859254
iris,16,qso,14,0.001,27.42,0.07202463762547914,0.13365838371267705,0.9777777777777777,0.9666666666666667,0.9665831244778612,1.85573142912134
iris,16,qso,12,0.001,63.47,0.0821194014855445,0.051163945752818005,0.9777777777777777,0.9666666666666667,0.9665831244778612,0.6230433347937199
iris,16,qso,18,0.001,27.24,0.10134915853207167,0.20896395666552955,0.9666666666666667,0.9333333333333333,0.9326599326599326,2.061822314976631
iris,16,qso,19,0.001,27.4,0.0693990084930111,0.06556157589836456,0.9777777777777777,1.0,1.0,0.9447047922156843
iris,16,qso,15,0.001,63.71,0.04179501450139422,0.12228585215588744,0.9888888888888889,0.9333333333333333,0.9326599326599326,2.925847822156113
iris,16,qso,21,0.001,27.47,0.025740772933830237,0.15055789924969332,1.0,0.9,0.899749373433584,5.849004598141655
iris,16,qso,16,0.001,64.08,0.07417498709211713,0.1124226300041898,0.9555555555555556,0.9666666666666667,0.9665831244778612,1.515640708701079
iris,16,qso,22,0.001,27.63,0.0576354102429951,0.035292838562580156,0.9666666666666667,1.0,1.0,0.6123464448987692
iris,16,qso,17,0.001,63.99,0.06305389485712348,0.03895989350842679,0.9888888888888889,1.0,1.0,0.6178824257677924
iris,16,qso,20,0.001,63.91,0.050364916642864244,0.06473105771952146,0.9888888888888889,0.9666666666666667,0.9665831244778613,1.2852410374969345
iris,16,qso,24,0.001,26.63,0.05041731796011212,0.12322588453600455,0.9777777777777777,0.9333333333333333,0.9326599326599326,2.4441182022711967
iris,16,qso,26,0.001,26.24,0.08960260308370657,0.055849628817785865,0.9555555555555556,0.9666666666666667,0.9665831244778613,0.6233036418106208
iris,32,sgd,0,0.001,10.99,0.038387559424016116,0.12346434481309214,0.9888888888888889,0.9333333333333333,0.9326599326599326,3.216259295084284
iris,16,qso,23,0.001,59.05,0.07442651539091032,0.10191309981174716,0.9666666666666667,0.9666666666666667,0.9665831244778612,1.3693117201103542
iris,16,qso,29,0.001,22.48,0.06439300881870719,0.08793814764516589,0.9777777777777777,0.9333333333333333,0.9326599326599326,1.3656474399689562
iris,32,sgd,1,0.001,10.39,0.03475992739502957,0.05895436181702091,1.0,0.9666666666666667,0.9665831244778612,1.6960438710654782
iris,16,qso,25,0.001,56.14,0.1141797581331286,0.3456143127131762,0.9555555555555556,0.9,0.8976982097186701,3.0269315539292445
iris,32,sgd,3,0.001,10.47,0.05305837836106449,0.027553429914737356,0.9888888888888889,1.0,1.0,0.5193040338932923
iris,16,qso,27,0.001,55.37,0.036377242408759,0.09936814733483598,0.9888888888888889,0.9333333333333333,0.9333333333333332,2.7316019784641474
iris,32,sgd,4,0.001,10.55,0.05694937363099256,0.02905953989810837,0.9777777777777777,1.0,1.0,0.5102697017600525
iris,32,sgd,2,0.001,22.46,0.04660233871794778,0.08654524858199748,0.9888888888888889,0.9333333333333333,0.9326599326599326,1.8571009731034518
iris,32,sgd,6,0.001,10.77,0.05960971743199683,0.07239870219884595,0.9777777777777777,0.9666666666666667,0.9665831244778612,1.2145453009643752
iris,32,sgd,8,0.001,10.9,0.07332289979074588,0.04191302969235866,0.9777777777777777,1.0,1.0,0.5716226419300526
iris,16,qso,28,0.001,52.78,0.09759429541711116,0.03473779351927415,0.9666666666666667,1.0,1.0,0.35594081980721576
iris,32,sgd,5,0.001,23.07,0.052371890932403756,0.008525893182219493,0.9888888888888889,1.0,1.0,0.1627952138146747
iris,32,sgd,10,0.001,11.03,0.060987275227065166,0.02543932351440226,0.9777777777777777,1.0,1.0,0.4171251038792548
iris,32,sgd,11,0.001,11.08,0.04803964756437158,0.06675144814583608,0.9888888888888889,0.9666666666666667,0.9665831244778612,1.389507449162513
iris,32,sgd,7,0.001,23.15,0.03970261349157769,0.07160677627755958,1.0,0.9666666666666667,0.9665831244778613,1.8035784040451108
iris,32,sgd,9,0.001,23.55,0.05252043910708074,0.08574723080481039,0.9888888888888889,0.9333333333333333,0.9326599326599326,1.632644971417424
iris,32,sgd,14,0.001,11.25,0.03665850903784362,0.09850445935494287,1.0,0.9666666666666667,0.9665831244778612,2.687083079490601
iris,32,sgd,15,0.001,11.34,0.03158426006383392,0.14258164946902066,1.0,0.9333333333333333,0.9326599326599326,4.514326097266598
iris,32,sgd,12,0.001,23.72,0.06023895534676415,0.03597988280539635,0.9777777777777777,1.0,1.0,0.5972859688266338
iris,32,sgd,18,0.001,11.31,0.04773213165158659,0.12056436338106485,0.9888888888888889,0.9333333333333333,0.9326599326599326,2.5258533237339162
iris,32,sgd,13,0.001,23.92,0.03993932048600577,0.06307859056709596,0.9888888888888889,0.9666666666666667,0.9665831244778612,1.5793606350713425
iris,32,sgd,19,0.001,11.35,0.04529908409395868,0.04015706975951077,0.9888888888888889,1.0,1.0,0.8864874547180155
iris,32,sgd,16,0.001,24.08,0.04489133442830178,0.09382148849896894,0.9888888888888889,0.9666666666666667,0.9665831244778612,2.0899688034183077
iris,32,sgd,21,0.001,11.71,0.020896310958014398,0.1448684218074631,1.0,0.9333333333333333,0.9333333333333332,6.93272712578492
iris,32,sgd,17,0.001,24.49,0.05791290089789,0.03223934897822315,0.9888888888888889,1.0,1.0,0.5566868258778203
iris,32,sgd,23,0.001,11.71,0.06448603548224796,0.06503411832242355,0.9777777777777777,0.9666666666666667,0.9665831244778612,1.008499248497397
iris,32,sgd,20,0.001,24.71,0.030138982082732024,0.0463374654477347,1.0,0.9666666666666667,0.9665831244778612,1.5374595373041318
iris,32,sgd,25,0.001,12.01,0.035100431489477946,0.1669643775637274,1.0,0.8666666666666667,0.8666666666666667,4.756761398040885
iris,32,sgd,22,0.001,25.36,0.06020171445341807,0.04609598207600929,0.9666666666666667,1.0,1.0,0.7656921816018497
iris,32,sgd,27,0.001,12.15,0.02549712980036157,0.12335352058967478,1.0,0.9333333333333333,0.9333333333333332,4.837937507300352
iris,32,sgd,24,0.001,25.79,0.026631417689024516,0.09744852721018847,1.0,0.9333333333333333,0.9333333333333332,3.6591565776969315
iris,32,sgd,29,0.001,12.95,0.058651881885155056,0.08194673723119131,0.9777777777777777,0.9333333333333333,0.9326599326599326,1.3971714904502022
iris,32,sgd,26,0.001,26.76,0.07444557731359429,0.049810350376161085,0.9777777777777777,0.9666666666666667,0.9665831244778613,0.6690840769000976
iris,32,pso,1,0.001,14.26,0.3000957808468189,0.367900758556672,0.8444444444444444,0.8,0.7916666666666666,1.2259444551953347
iris,32,sgd,28,0.001,27.47,0.0765030945684935,0.03290858136942558,0.9777777777777777,1.0,1.0,0.4301601334565938
iris,32,pso,3,0.001,14.55,0.31971807008532205,0.4869461622325432,0.8888888888888888,0.8,0.7999999999999999,1.5230486099912763
iris,32,pso,5,0.001,14.55,0.4415276262722821,0.3017434114154117,0.8222222222222222,0.9,0.899749373433584,0.6834077721545152
iris,32,pso,0,0.001,32.31,0.31946120305665165,0.44841574660117417,0.8777777777777778,0.8333333333333334,0.8222222222222223,1.4036626116431872
iris,32,pso,2,0.001,33.04,0.27281094905566194,0.39530030163139607,0.8666666666666667,0.8666666666666667,0.8611111111111112,1.448989870090377
iris,32,pso,7,0.001,15.83,0.22949495175506118,0.07920413928233844,0.9,1.0,1.0,0.34512366688951235
iris,32,pso,9,0.001,14.35,0.21445707497011487,0.3611767144190447,0.9111111111111111,0.8666666666666667,0.8611111111111112,1.6841445518613716
iris,32,pso,4,0.001,32.9,0.28811329595073054,0.1404191890455447,0.8666666666666667,0.9333333333333333,0.9326599326599326,0.48737490084302604
iris,32,pso,6,0.001,29.49,0.32500512931424275,0.16917850503253368,0.8555555555555555,0.9333333333333333,0.9333333333333332,0.5205410308123397
iris,32,pso,11,0.001,14.44,0.5018412444960259,0.5773655705946074,0.8444444444444444,0.8333333333333334,0.8222222222222223,1.1504944580121683
iris,32,pso,8,0.001,29.05,0.38124038534914234,0.4160997809479703,0.8444444444444444,0.8333333333333334,0.8222222222222223,1.0914367861812528
iris,32,pso,12,0.001,14.43,0.2086393083863178,0.27110415793687787,0.9111111111111111,0.8333333333333334,0.8288613691090472,1.299391567359396
iris,32,pso,10,0.001,32.72,0.261963554640726,0.3240550153129312,0.9,0.9,0.8976982097186701,1.2370232788960338
iris,32,pso,15,0.001,14.48,0.4274597549936517,0.3593928857350422,0.8111111111111111,0.8666666666666667,0.8611111111111112,0.8407642626856875
iris,32,pso,17,0.001,14.33,0.33374098161766325,0.08952952740354887,0.8666666666666667,0.9666666666666667,0.9665831244778612,0.2682605143953065
iris,32,pso,13,0.001,32.78,0.35139404684939657,0.42106502561840803,0.8222222222222222,0.8,0.7802197802197802,1.198270230795548
iris,32,pso,14,0.001,32.67,0.12720800071944108,0.13628504869871613,0.9666666666666667,0.9333333333333333,0.933249791144528,1.071355951889336
iris,32,pso,19,0.001,14.5,0.28633194815321794,0.37176549524798824,0.8777777777777778,0.9,0.8976982097186701,1.2983723878728834
iris,32,pso,20,0.001,14.42,0.38682233552312817,0.19300890088419714,0.8444444444444444,0.9333333333333333,0.9326599326599326,0.49896007329353687
iris,32,pso,16,0.001,32.67,0.43502907788354206,0.3176438444728394,0.8333333333333334,0.8333333333333334,0.8222222222222223,0.7301669258942574
iris,32,pso,23,0.001,14.55,0.1265039680396857,0.11515950112014775,0.9111111111111111,0.9666666666666667,0.9665831244778612,0.9103232325805064
iris,32,pso,18,0.001,32.94,0.36236524238107976,0.38732042175267856,0.8222222222222222,0.8333333333333334,0.8222222222222223,1.0688674752788647
iris,32,pso,24,0.001,14.49,0.3708443959764668,0.3668341685220593,0.8666666666666667,0.9,0.8976982097186701,0.9891862260885776
iris,32,pso,21,0.001,32.94,0.4482612493662889,0.5044709283419908,0.8111111111111111,0.7666666666666667,0.751111111111111,1.1253949098994527
iris,32,pso,26,0.001,14.49,0.4040893642533446,0.5812642334832422,0.8444444444444444,0.7333333333333333,0.7306397306397306,1.4384546709297141
iris,32,pso,22,0.001,32.57,0.27331450002071755,0.20564400890268889,0.8888888888888888,0.9333333333333333,0.9333333333333332,0.7524079728192278
iris,32,pso,28,0.001,13.98,0.48910282615734035,0.4650719553162306,0.7888888888888889,0.8,0.7866632160110422,0.9508674463611068
iris,32,pso,25,0.001,31.88,0.20761850445659044,0.3718705838659988,0.9222222222222223,0.8,0.797979797979798,1.7911244705249803
iris,32,qso,0,0.001,13.08,0.03906956448212502,0.13719623638802675,1.0,0.9333333333333333,0.9326599326599326,3.511588578132124
iris,32,qso,2,0.001,12.67,0.04866270064930982,0.13385000132174638,0.9888888888888889,0.9333333333333333,0.9326599326599326,2.7505666462357503
iris,32,pso,27,0.001,30.46,0.35193505473036424,0.3199013133633411,0.8555555555555555,0.8666666666666667,0.8611111111111112,0.9089782590950883
iris,32,qso,4,0.001,12.05,0.06958210347042093,0.10742216860924762,0.9777777777777777,0.9666666666666667,0.9665831244778612,1.5438189311841133
iris,32,pso,29,0.001,28.57,0.3599607396434187,0.4544224662427435,0.8555555555555555,0.7666666666666667,0.7612958226768969,1.2624223038681932
iris,32,qso,5,0.001,11.62,0.050358276678828084,0.00866728758628225,0.9888888888888889,1.0,1.0,0.17211247401415147
iris,32,qso,1,0.001,27.85,0.04273025921271167,0.05580826803293457,0.9777777777777777,1.0,1.0,1.3060596650050833
iris,32,qso,3,0.001,26.93,0.062381441869654906,0.03457329199337377,0.9777777777777777,1.0,1.0,0.5542239960662363
iris,32,qso,7,0.001,11.41,0.06741277071200849,0.05542301529721308,0.9666666666666667,0.9666666666666667,0.9665831244778613,0.8221441532789627
iris,32,qso,9,0.001,11.46,0.07999667299914907,0.23433309768008212,0.9555555555555556,0.9,0.8976982097186701,2.929285542694691
iris,32,qso,6,0.001,26.31,0.05835458114440087,0.07628060041484767,0.9777777777777777,0.9333333333333333,0.9326599326599326,1.307191293620772
iris,32,qso,12,0.001,11.8,0.09858299294650764,0.0703942628302505,0.9555555555555556,0.9666666666666667,0.9665831244778613,0.7140609219325215
iris,32,qso,13,0.001,11.73,0.04268526476777403,0.07151109544790672,0.9888888888888889,0.9666666666666667,0.9665831244778612,1.6753110432126275
iris,32,qso,8,0.001,26.46,0.07708091658811335,0.04019444264628878,0.9555555555555556,1.0,1.0,0.5214577670510884
iris,32,qso,10,0.001,26.55,0.08389135450552719,0.020962933646304693,0.9666666666666667,1.0,1.0,0.24988193086003335
iris,32,qso,15,0.001,12.14,0.030048908220272,0.15273497543533832,0.9888888888888889,0.9333333333333333,0.9326599326599326,5.082879361729961
iris,32,qso,11,0.001,26.96,0.04601173458813463,0.060645040360996806,0.9777777777777777,0.9666666666666667,0.9665831244778612,1.3180342124427487
iris,32,qso,16,0.001,12.12,0.06030805862954848,0.09317542462186759,0.9777777777777777,0.9666666666666667,0.9665831244778612,1.544991278764451
iris,32,qso,19,0.001,12.29,0.05465678287540036,0.05739430826071108,0.9888888888888889,1.0,1.0,1.050085739432403
iris,32,qso,14,0.001,27.65,0.05201005697890414,0.08393513281400972,0.9777777777777777,0.9666666666666667,0.9665831244778612,1.6138250501831741
iris,32,qso,21,0.001,12.32,0.02032846012007376,0.15322123955075712,1.0,0.9,0.899749373433584,7.537277228364958
iris,32,qso,17,0.001,28.13,0.07521704672944855,0.041835191407156753,0.9777777777777777,1.0,1.0,0.5561929539408209
iris,32,qso,18,0.001,28.11,0.05501471780093886,0.11090794687921972,1.0,0.9333333333333333,0.9326599326599326,2.015968659159913
iris,32,qso,22,0.001,12.55,0.05838432813075474,0.06060132931865709,0.9666666666666667,0.9666666666666667,0.9665831244778613,1.0379725391878667
iris,32,qso,24,0.001,12.43,0.029695037124507835,0.1054843942087031,0.9888888888888889,0.9333333333333333,0.9326599326599326,3.552256687419494
iris,32,qso,20,0.001,28.27,0.03562083397643988,0.046783714944298276,0.9888888888888889,1.0,1.0,1.3133806742212066
iris,32,qso,27,0.001,12.71,0.036717965819728554,0.10594295838506652,0.9888888888888889,0.9333333333333333,0.9333333333333332,2.885316656843321
iris,32,qso,28,0.001,12.78,0.08523310218073563,0.06741299630242494,0.9666666666666667,0.9666666666666667,0.9665831244778613,0.7909250581948384
iris,32,qso,23,0.001,28.9,0.071785582173471,0.08205801833524469,0.9777777777777777,0.9666666666666667,0.9665831244778612,1.1430988765536536
iris,64,sgd,0,0.001,8.63,0.0386550987815699,0.12410467153516375,1.0,0.9333333333333333,0.9326599326599326,3.210564076849152
iris,64,sgd,1,0.001,8.49,0.035204399735857275,0.05992405451873374,1.0,0.9666666666666667,0.9665831244778612,1.7021751533430742
iris,32,qso,25,0.001,29.12,0.048016714757350636,0.23504222348261136,0.9777777777777777,0.8666666666666667,0.8653198653198654,4.8950084292601455
iris,32,qso,26,0.001,27.9,0.09553071008361579,0.05278918475714518,0.9555555555555556,1.0,1.0,0.5525886357480233
iris,64,sgd,3,0.001,10.1,0.05355057022495164,0.027955285365566008,0.9888888888888889,1.0,1.0,0.5220352509437962
iris,64,sgd,4,0.001,8.99,0.05753802562347064,0.030310812555187486,0.9777777777777777,1.0,1.0,0.5267961878556925
iris,64,sgd,2,0.001,18.21,0.047304317661098376,0.08546845747291189,0.9888888888888889,0.9333333333333333,0.9326599326599326,1.8067792053408802
iris,32,qso,29,0.001,30.23,0.05879523873382174,0.07057476458691034,0.9777777777777777,0.9666666666666667,0.9665831244778612,1.2003482953171933
iris,64,sgd,7,0.001,9.51,0.04051219995078458,0.0716651631834566,1.0,0.9666666666666667,0.9665831244778613,1.7689773270895572
iris,64,sgd,5,0.001,17.57,0.0528536087886384,0.008863168017859756,0.9888888888888889,1.0,1.0,0.16769276915988024
iris,64,sgd,8,0.001,9.54,0.07358866394988997,0.04250436923527119,0.9777777777777777,1.0,1.0,0.5775939792060153
iris,64,sgd,6,0.001,18.99,0.05989552225892184,0.07302345022719689,0.9777777777777777,0.9666666666666667,0.9665831244778612,1.2191804574559755
iris,64,sgd,11,0.001,9.38,0.04884675988780386,0.06755343792599416,0.9888888888888889,0.9666666666666667,0.9665831244778612,1.3829666098868723
iris,64,sgd,13,0.001,9.34,0.0402800058883961,0.06382650907287306,0.9888888888888889,0.9666666666666667,0.9665831244778612,1.584570500056959
iris,64,sgd,9,0.001,19.2,0.05347813995551874,0.08545288183715807,0.9777777777777777,0.9333333333333333,0.9326599326599326,1.5979030293169285
iris,64,sgd,10,0.001,19.26,0.061388645140345546,0.02634557881449621,0.9777777777777777,1.0,1.0,0.4291604539286615
iris,64,sgd,15,0.001,9.41,0.031993827031869926,0.14129177590046124,1.0,0.9333333333333333,0.9326599326599326,4.416219908912948
iris,64,sgd,16,0.001,9.4,0.045385993944776125,0.09405417767512687,0.9888888888888889,0.9666666666666667,0.9665831244778612,2.0723172393132616
iris,64,sgd,12,0.001,19.29,0.06085981648260389,0.03759219394821285,0.9777777777777777,1.0,1.0,0.6176849704921171
iris,64,sgd,14,0.001,19.2,0.037132517583362924,0.09804883531772897,1.0,0.9666666666666667,0.9665831244778612,2.640511381906929
iris,64,sgd,19,0.001,9.53,0.045868333370005676,0.04079493962454146,0.9888888888888889,1.0,1.0,0.8893922370246437
iris,64,sgd,20,0.001,9.45,0.03056593026373628,0.04722563771962481,1.0,0.9666666666666667,0.9665831244778612,1.5450417282294782
iris,64,sgd,17,0.001,19.33,0.05866835473873126,0.03271984749351455,0.9888888888888889,1.0,1.0,0.5577086257016475
iris,64,sgd,18,0.001,19.41,0.04847726147959046,0.11960490657042251,0.9888888888888889,0.9333333333333333,0.9326599326599326,2.4672372761975776
iris,64,sgd,23,0.001,9.48,0.06469360559307903,0.06559832330021634,0.9777777777777777,0.9666666666666667,0.9665831244778612,1.0139846542613185
iris,64,sgd,24,0.001,9.5,0.027126359117035884,0.09761290906667221,1.0,0.9333333333333333,0.9333333333333332,3.5984522893590016
iris,64,sgd,21,0.001,19.48,0.02133711392718567,0.14485676453714633,1.0,0.9333333333333333,0.9333333333333332,6.788957730247855
iris,64,sgd,22,0.001,19.43,0.060511049448037826,0.04448321531570722,0.9666666666666667,1.0,1.0,0.7351254972681631
iris,64,sgd,27,0.001,9.57,0.025921612848733715,0.12423586682342766,1.0,0.9333333333333333,0.9333333333333332,4.7927521928673755
iris,64,sgd,28,0.001,9.43,0.07677632908728514,0.03334258570282904,0.9666666666666667,1.0,1.0,0.43428210360152364
iris,64,sgd,25,0.001,19.5,0.03581397333598667,0.16686273799763732,1.0,0.8666666666666667,0.8666666666666667,4.659151790621622
iris,64,sgd,26,0.001,19.5,0.07477267471303178,0.05014867595080522,0.9777777777777777,0.9666666666666667,0.9665831244778613,0.6706818519368152
iris,64,pso,1,0.001,10.43,0.3327636469324357,0.44201064169139914,0.8666666666666667,0.8,0.7916666666666666,1.328302071954227
iris,64,pso,2,0.001,10.27,0.34936491518737084,0.4047381320998394,0.8333333333333334,0.8333333333333334,0.8222222222222223,1.1584967880440167
iris,64,sgd,29,0.001,19.55,0.05909840537713469,0.08200822924255519,0.9777777777777777,0.9333333333333333,0.9326599326599326,1.3876555334991214
iris,64,pso,0,0.001,23.1,0.20360748791933037,0.29341306941885803,0.9111111111111111,0.9333333333333333,0.9326599326599326,1.4410720962045795
iris,64,pso,5,0.001,10.43,0.31182716818579137,0.2321991395830286,0.8888888888888888,0.9,0.8976982097186701,0.7446405036929971
iris,64,pso,6,0.001,10.22,0.2848604003948881,0.4452266037777253,0.8777777777777778,0.8666666666666667,0.8611111111111112,1.5629641858276173
iris,64,pso,3,0.001,23.03,0.2291213421046998,0.3584570243637756,0.9222222222222223,0.8666666666666667,0.8653198653198654,1.564485530116938
iris,64,pso,4,0.001,23.15,0.40284202241005124,0.2066574899389047,0.8111111111111111,0.9333333333333333,0.9326599326599326,0.5129988393528342
iris,64,pso,9,0.001,10.37,0.19806843821264053,0.39550677189473016,0.9111111111111111,0.8333333333333334,0.8222222222222223,1.9968187534761372
iris,64,pso,10,0.001,10.27,0.2202724295090585,0.1844690990147824,0.9111111111111111,0.9333333333333333,0.9326599326599326,0.8374588659412605
iris,64,pso,7,0.001,23.04,0.29435185967849525,0.1904613031845031,0.8777777777777778,0.9666666666666667,0.9665831244778612,0.6470531675680044
iris,64,pso,13,0.001,10.36,0.20789833683383657,0.24993864029283952,0.9222222222222223,0.8333333333333334,0.8222222222222223,1.202215679544391
iris,64,pso,8,0.001,22.96,0.3695066962555837,0.43413971036910387,0.8222222222222222,0.8333333333333334,0.8222222222222223,1.1749170306478405
iris,64,pso,14,0.001,10.28,0.24409115337530674,0.23637307934600837,0.9,0.9,0.8976982097186701,0.9683803615060506
iris,64,pso,11,0.001,22.91,0.23716621409862415,0.1376355767609805,0.9,0.9666666666666667,0.9665831244778612,0.5803338274133161
iris,64,pso,12,0.001,23.06,0.31948065918223106,0.08734116140804564,0.8777777777777778,1.0,1.0,0.27338481656952646
iris,64,pso,16,0.001,10.35,0.37751411140022195,0.27218457513194755,0.8333333333333334,0.8666666666666667,0.8611111111111112,0.7209917905383696
iris,64,pso,18,0.001,10.16,0.23529582484472844,0.3011264649944947,0.8666666666666667,0.8666666666666667,0.8611111111111112,1.2797781906806371
iris,64,pso,15,0.001,22.66,0.2745826774311757,0.3064658420805637,0.8555555555555555,0.8666666666666667,0.8649038054072379,1.1161149892909015
iris,64,pso,21,0.001,9.64,0.18156271828634657,0.38541212834172917,0.9222222222222223,0.8,0.7979797979797979,2.1227492735258964
iris,64,pso,22,0.001,9.4,0.2589991329421775,0.1912793064618749,0.8666666666666667,0.9333333333333333,0.9333333333333332,0.7385326131751132
iris,64,pso,17,0.001,21.93,0.2254899179843005,0.09651839079181855,0.9,1.0,1.0,0.4280386087973057
iris,64,pso,24,0.001,9.04,0.576189803498055,0.42569892513858004,0.7555555555555555,0.8333333333333334,0.8222222222222223,0.7388171789124988
iris,64,pso,19,0.001,20.82,0.1635973079166172,0.25925727943958543,0.9222222222222223,0.9,0.8976982097186701,1.5847282742068378
iris,64,pso,25,0.001,8.9,0.12858939108061057,0.2881517549272847,0.9555555555555556,0.8,0.7999999999999999,2.240867248112615
iris,64,pso,20,0.001,20.75,0.06155711271491825,0.03463980522436786,0.9777777777777777,1.0,1.0,0.5627262829039896
iris,64,pso,23,0.001,19.75,0.3470086147920881,0.3096286078857374,0.8333333333333334,0.8666666666666667,0.8611111111111112,0.8922793114841049
iris,64,pso,27,0.001,8.45,0.39718627543147245,0.31955720760084144,0.8333333333333334,0.9,0.8976982097186701,0.8045524917841111
iris,64,pso,29,0.001,8.35,0.11306384410584419,0.16123038428921665,0.9666666666666667,0.9333333333333333,0.9326599326599326,1.426011874656248
iris,64,pso,26,0.001,18.98,0.2655395317373488,0.28136410561576103,0.8777777777777778,0.9,0.899749373433584,1.0595940415156893
iris,64,qso,2,0.001,8.08,0.04648878222729617,0.16831723010457988,0.9888888888888889,0.9333333333333333,0.9326599326599326,3.6205988206279884
iris,64,qso,3,0.001,8.04,0.05449308352346105,0.027914370148232653,0.9888888888888889,1.0,1.0,0.512255287154279
iris,64,pso,28,0.001,18.38,0.27719995181773527,0.2992318995658428,0.8666666666666667,0.8666666666666667,0.8624338624338624,1.0794803447967192
iris,64,qso,0,0.001,18.29,0.04581795490718761,0.12120408860635265,1.0,0.9333333333333333,0.9326599326599326,2.6453404315376585
iris,64,qso,5,0.001,8.4,0.05444864435980305,0.01039607416891177,0.9888888888888889,1.0,1.0,0.1909335721971935
iris,64,qso,6,0.001,8.33,0.05965545249503642,0.07765860268511264,0.9777777777777777,0.9333333333333333,0.9326599326599326,1.3017854938167497
iris,64,qso,1,0.001,18.29,0.032892694147578797,0.03345265069276815,0.9888888888888889,1.0,1.0,1.0170237361122507
iris,64,qso,4,0.001,18.47,0.0607148895658567,0.03810342829391186,0.9777777777777777,1.0,1.0,0.6275796360064451
iris,64,qso,9,0.001,8.56,0.04755965093409365,0.061697012376097655,0.9777777777777777,1.0,1.0,1.2972553659318278
iris,64,qso,10,0.001,8.44,0.07571199862847715,0.045616694168959936,0.9666666666666667,1.0,1.0,0.6025028396463751
iris,64,qso,7,0.001,18.77,0.05110494200119921,0.07353216844896988,0.9777777777777777,0.9666666666666667,0.9665831244778613,1.438846529700482
iris,64,qso,8,0.001,18.83,0.08436846818744828,0.06717485629918281,0.9666666666666667,0.9666666666666667,0.9665831244778613,0.7962080827393354
iris,64,qso,13,0.001,8.56,0.04170129851966757,0.07095475668002303,0.9777777777777777,0.9666666666666667,0.9665831244778612,1.7014999340262429
iris,64,qso,14,0.001,8.49,0.04146385563171069,0.13906394441512568,1.0,0.9333333333333333,0.9333333333333332,3.3538594589542337
iris,64,qso,11,0.001,18.98,0.0541200263830849,0.10509963174652501,0.9777777777777777,0.9666666666666667,0.9665831244778612,1.9419730323593056
iris,64,qso,12,0.001,17.26,0.06296411197826379,0.044046352535466876,0.9666666666666667,1.0,1.0,0.6995469506609158
iris,64,qso,18,0.001,8.54,0.05561225855059171,0.10486821548213283,0.9888888888888889,0.9333333333333333,0.9326599326599326,1.8857032283040958
iris,64,qso,15,0.001,13.89,0.03840478624028473,0.12878872483001705,1.0,0.9333333333333333,0.9326599326599326,3.3534550621954513
iris,64,qso,17,0.001,14.3,0.0642329842409135,0.03951664063620169,0.9888888888888889,1.0,1.0,0.615207920092733
iris,64,qso,16,0.001,19.3,0.03902113478316022,0.08776823677304978,0.9888888888888889,0.9666666666666667,0.9665831244778612,2.2492487022936767
iris,64,qso,21,0.001,8.71,0.023025817178058967,0.15024898428824623,1.0,0.9,0.899749373433584,6.525240043659199
iris,64,qso,22,0.001,8.81,0.061373024757518164,0.03273652352303921,0.9666666666666667,1.0,1.0,0.5334024785706689
iris,64,qso,19,0.001,19.6,0.05002307990409157,0.06384901766224062,0.9888888888888889,1.0,1.0,1.2763911735274456
iris,64,qso,20,0.001,19.57,0.027173862432972217,0.03398062483248259,1.0,1.0,1.0,1.2504893228299847
iris,64,qso,25,0.001,8.83,0.0550418096469707,0.2769759197728857,0.9777777777777777,0.8666666666666667,0.8653198653198654,5.032100535018101
iris,64,qso,26,0.001,8.88,0.0742038859637531,0.03479111789519066,0.9666666666666667,1.0,1.0,0.46885843569143165
iris,full,sgd,0,0.001,4.74,0.03985570539381038,0.12336504995243885,0.9888888888888889,0.9333333333333333,0.9326599326599326,3.095292097667842
iris,64,qso,23,0.001,19.84,0.07069731853490718,0.062475803680995354,0.9777777777777777,0.9666666666666667,0.9665831244778612,0.883708250549101
iris,64,qso,29,0.001,8.83,0.061337825600915157,0.07333048584837885,0.9777777777777777,0.9666666666666667,0.9665831244778612,1.1955181835999869
iris,64,qso,24,0.001,19.91,0.027089158004716483,0.10325075740223102,1.0,0.9333333333333333,0.9333333333333332,3.8115159350561605
iris,full,sgd,1,0.001,4.84,0.03674273576480028,0.0617652899124076,1.0,0.9666666666666667,0.9665831244778612,1.6810204419121957
iris,full,sgd,3,0.001,4.81,0.05473598672758385,0.029583997141506408,0.9888888888888889,1.0,1.0,0.5404853170683364
iris,full,sgd,5,0.001,4.85,0.05426989549326176,0.00976357173967371,0.9888888888888889,1.0,1.0,0.1799076937763031
iris,64,qso,27,0.001,20.04,0.028740520937482986,0.132217177449019,1.0,0.9333333333333333,0.9333333333333332,4.600375119734981
iris,full,sgd,2,0.001,9.54,0.04873049066943534,0.0879834867740981,0.9888888888888889,0.9333333333333333,0.9326599326599326,1.8055120226663952
iris,full,sgd,6,0.001,4.88,0.060668493234475436,0.07438358825994769,0.9777777777777777,0.9666666666666667,0.9665831244778612,1.2260661884656552
iris,64,qso,28,0.001,20.04,0.07672533402849688,0.031213173046485077,0.9444444444444444,1.0,1.0,0.40681703692410204
iris,full,sgd,4,0.001,9.59,0.05864591538656547,0.03274931476086648,0.9777777777777777,1.0,1.0,0.5584244792667804
iris,full,sgd,7,0.001,4.9,0.042647746837509895,0.07027061883982172,1.0,0.9666666666666667,0.9665831244778613,1.6476982736639378
iris,full,sgd,10,0.001,4.87,0.062443223098968444,0.027257255755173727,0.9777777777777777,1.0,1.0,0.4365126334361817
iris,full,sgd,13,0.001,4.79,0.04137124155793806,0.06413260516271917,0.9888888888888889,0.9666666666666667,0.9665831244778612,1.5501735685864084
iris,full,sgd,8,0.001,9.64,0.07436837077536056,0.043813720505408625,0.9777777777777777,1.0,1.0,0.589144552295676
iris,full,sgd,9,0.001,9.61,0.05519572419929691,0.09104175804924379,0.9888888888888889,0.9333333333333333,0.9326599326599326,1.6494349765303649
iris,full,sgd,14,0.001,4.9,0.03940363792891819,0.09753042633386969,0.9888888888888889,0.9666666666666667,0.9665831244778612,2.4751629915443023
iris,full,sgd,11,0.001,9.69,0.050885145116553794,0.06677458495390963,0.9888888888888889,0.9666666666666667,0.9665831244778612,1.312260873010397
iris,full,sgd,12,0.001,9.72,0.06206109810897023,0.03920431341237439,0.9777777777777777,1.0,1.0,0.6317051197440519
iris,full,sgd,15,0.001,5.02,0.03297379553505559,0.13970301103934776,1.0,0.9333333333333333,0.9326599326599326,4.236788903807711
iris,full,sgd,18,0.001,5.03,0.05086941184090795,0.11918091511729381,0.9888888888888889,0.9333333333333333,0.9326599326599326,2.342879754340926
iris,full,sgd,21,0.001,4.99,0.022631888660792892,0.1444172650732142,1.0,0.9333333333333333,0.9333333333333332,6.381140665621967
iris,full,sgd,16,0.001,10.02,0.047026989188896175,0.09322564725735133,0.9888888888888889,0.9666666666666667,0.9665831244778612,1.9823860482091717
iris,full,sgd,17,0.001,9.94,0.06058288130584055,0.034629547089383074,0.9888888888888889,1.0,1.0,0.5716061425761964
iris,full,sgd,22,0.001,5.09,0.06113990727522307,0.04806970034856013,0.9666666666666667,1.0,1.0,0.7862246197426008
iris,full,sgd,19,0.001,9.95,0.047822856588796654,0.04368589176733394,0.9888888888888889,1.0,1.0,0.9134939834934103
iris,full,sgd,20,0.001,10.03,0.03193286882116142,0.047358290404619516,1.0,0.9666666666666667,0.9665831244778612,1.4830578069840035
iris,full,sgd,23,0.001,5.06,0.06560718422087268,0.06533106872023535,0.9777777777777777,0.9666666666666667,0.9665831244778612,0.9957913831554215
iris,full,sgd,26,0.001,5.03,0.0757731840410232,0.051929476524569876,0.9777777777777777,0.9666666666666667,0.9665831244778613,0.6853278924699209
iris,full,sgd,29,0.001,5.06,0.06008700300443349,0.08449711576571056,0.9777777777777777,0.9333333333333333,0.9326599326599326,1.406246135449225
iris,full,sgd,24,0.001,10.04,0.02823065693369272,0.09811533174013518,1.0,0.9333333333333333,0.9333333333333332,3.4754887911600987
iris,full,sgd,25,0.001,10.02,0.03717365273121867,0.16537518245222743,1.0,0.8666666666666667,0.8666666666666667,4.448720270993017
iris,full,sgd,27,0.001,10.14,0.027342121702222794,0.12336934524048443,1.0,0.9333333333333333,0.9333333333333332,4.512061886933048
iris,full,sgd,28,0.001,10.24,0.07771897777486478,0.035836821513800486,0.9777777777777777,1.0,1.0,0.46110773121092863
iris,full,pso,0,0.001,5.65,0.0396172924973665,0.12190534163223607,0.9888888888888889,0.9333333333333333,0.9326599326599326,3.07707402368144
iris,full,pso,1,0.001,5.82,0.03405043936898204,0.058801209782525045,1.0,0.9666666666666667,0.9665831244778612,1.7268854931748547
iris,full,pso,6,0.001,5.8,0.05923808957778625,0.07276703562178749,0.9777777777777777,0.9666666666666667,0.9665831244778612,1.2283825515040658
iris,full,pso,7,0.001,5.86,0.03937151258877114,0.07085756480263276,1.0,0.9666666666666667,0.9665831244778613,1.7997166007495868
iris,full,pso,2,0.001,12.63,0.04650228074584606,0.08550193825568946,0.9888888888888889,0.9333333333333333,0.9326599326599326,1.8386611771365031
iris,full,pso,3,0.001,12.61,0.052368199050167215,0.026502485810660677,0.9888888888888889,1.0,1.0,0.5060797638901438
iris,full,pso,8,0.001,5.89,0.07285630668476367,0.04100640569306671,0.9777777777777777,1.0,1.0,0.5628394789553931
iris,full,pso,4,0.001,12.61,0.05623000255619471,0.02774112014077259,0.9777777777777777,1.0,1.0,0.493350860388969
iris,full,pso,5,0.001,12.69,0.05198912642413799,0.00820478346100677,0.9888888888888889,1.0,1.0,0.15781729806480027
iris,full,pso,9,0.001,5.97,0.049666276625135196,0.10259183025556476,0.9888888888888889,0.9333333333333333,0.9326599326599326,2.0656235423060667
iris,full,pso,12,0.001,5.91,0.05985638537167991,0.0351838856062474,0.9777777777777777,1.0,1.0,0.5878050501675314
iris,full,pso,15,0.001,5.94,0.030973548659562696,0.142769112038626,1.0,0.9333333333333333,0.9326599326599326,4.609388275390518
iris,full,pso,10,0.001,12.77,0.06106141009764481,0.025647326181414822,0.9777777777777777,1.0,1.0,0.42002512127383806
iris,full,pso,11,0.001,12.68,0.04665131881083785,0.06970738320936658,0.9888888888888889,0.9666666666666667,0.9665831244778612,1.4942210635462772
iris,full,pso,16,0.001,5.92,0.04359632416350806,0.09235697066791612,0.9888888888888889,0.9666666666666667,0.9665831244778612,2.118457747069024
iris,full,pso,13,0.001,12.68,0.0359811541861508,0.06937103615000327,1.0,0.9666666666666667,0.9665831244778612,1.9279825152664027
iris,full,pso,14,0.001,12.8,0.038301337996736,0.09777813664026429,0.9888888888888889,0.9666666666666667,0.9665831244778612,2.552864775862317
iris,full,pso,17,0.001,6.22,0.05679335408319562,0.03137159171518993,0.9888888888888889,1.0,1.0,0.5523813872523574
iris,full,pso,20,0.001,6.13,0.028990644725308476,0.047632785691235656,1.0,0.9666666666666667,0.9665831244778612,1.6430398889905617
iris,full,pso,23,0.001,5.99,0.06410459091619435,0.06549265795240533,0.9777777777777777,0.9666666666666667,0.9665831244778612,1.0216531611289064
iris,full,pso,18,0.001,12.82,0.04699693727079166,0.12093628559809971,0.9888888888888889,0.9333333333333333,0.9326599326599326,2.5732801459226353
iris,full,pso,24,0.001,5.87,0.02598623784815771,0.09716094342905084,1.0,0.9333333333333333,0.9333333333333332,3.7389384333653766
iris,full,pso,19,0.001,12.69,0.044187088118325585,0.0384657282200619,0.9888888888888889,1.0,1.0,0.8705196440430099
iris,full,pso,21,0.001,12.59,0.019858130405480113,0.14384170644719502,1.0,0.9333333333333333,0.9333333333333332,7.243466706588854
iris,full,pso,25,0.001,5.88,0.03461164209919085,0.16733377254706788,1.0,0.8666666666666667,0.8666666666666667,4.83460946659274
iris,full,pso,22,0.001,12.66,0.05998271265008382,0.0466943684701645,0.9666666666666667,1.0,1.0,0.778463767428485
iris,full,pso,27,0.001,5.82,0.02508664049904426,0.12312676400565534,1.0,0.9333333333333333,0.9333333333333332,4.908061085753836
iris,full,qso,0,0.001,6.09,0.038444486988955764,0.12367387470571085,0.9888888888888889,0.9333333333333333,0.9326599326599326,3.21694693809387
iris,full,qso,2,0.001,6.01,0.04529357715448774,0.08804535462743755,0.9888888888888889,0.9333333333333333,0.9326599326599326,1.9438816750359917
iris,full,pso,26,0.001,12.55,0.07395758475568702,0.04900663679184051,0.9777777777777777,0.9666666666666667,0.9665831244778613,0.6626316550727018
iris,full,pso,28,0.001,12.57,0.0760115114419397,0.032248311346167506,0.9777777777777777,1.0,1.0,0.4242556256863793
iris,full,qso,3,0.001,6.1,0.05163184963974956,0.02540556274570509,0.9888888888888889,1.0,1.0,0.4920521523626811
iris,full,pso,29,0.001,12.58,0.05863005804394708,0.08135191155466846,0.9777777777777777,0.9333333333333333,0.9326599326599326,1.387546154119272
iris,full,qso,1,0.001,12.89,0.034527963343662794,0.05897429202091988,1.0,0.9666666666666667,0.9665831244778612,1.708015368121732
iris,full,qso,4,0.001,6.0,0.057238473342281396,0.02892864712599367,0.9777777777777777,1.0,1.0,0.5054056377954513
iris,full,qso,7,0.001,6.14,0.0394593246115643,0.07190458844084494,1.0,0.9666666666666667,0.9665831244778613,1.8222457973792063
iris,full,qso,8,0.001,7.7,0.07344856981536538,0.04072674585730905,0.9777777777777777,1.0,1.0,0.5544933816912668
iris,full,qso,5,0.001,12.98,0.05078729565192046,0.007462008879021645,0.9888888888888889,1.0,1.0,0.14692668280988652
iris,full,qso,6,0.001,13.0,0.05948592180085095,0.07395830933455787,0.9777777777777777,0.9666666666666667,0.9665831244778612,1.2432909686120033
iris,full,qso,11,0.001,6.14,0.047320261837355375,0.06777270376571655,0.9888888888888889,0.9666666666666667,0.9665831244778612,1.4322132028486725
iris,full,qso,12,0.001,6.07,0.060074308314570155,0.035069234009965,0.9777777777777777,1.0,1.0,0.5837642578642801
iris,full,qso,9,0.001,13.03,0.050629704780385885,0.10799591214084152,0.9888888888888889,0.9333333333333333,0.9326599326599326,2.133054352366666
iris,full,qso,10,0.001,12.96,0.06095610888765888,0.025343391709054044,0.9777777777777777,1.0,1.0,0.41576459146632055
iris,full,qso,15,0.001,6.15,0.03164001014566057,0.14292959528887525,1.0,0.9333333333333333,0.9326599326599326,4.517368819759309
iris,full,qso,16,0.001,6.02,0.04426311421938772,0.09359036624742072,0.9888888888888889,0.9666666666666667,0.9665831244778612,2.1144098850240214
iris,full,qso,13,0.001,13.09,0.03499791230736029,0.07299241439548604,1.0,0.9666666666666667,0.9665831244778612,2.08562195808849
iris,full,qso,14,0.001,13.09,0.03564771980935404,0.09796562465882136,1.0,0.9666666666666667,0.9665831244778612,2.748159634970957
iris,full,qso,19,0.001,6.17,0.044663684104524454,0.039016974097194984,0.9888888888888889,1.0,1.0,0.8735726772087425
iris,full,qso,20,0.001,6.08,0.029293233635709872,0.044569437102037604,1.0,0.9666666666666667,0.9665831244778612,1.5214925622859643
iris,full,qso,17,0.001,13.13,0.056244016992860975,0.032073543596978164,0.9888888888888889,1.0,1.0,0.5702569857528
iris,full,qso,18,0.001,13.08,0.04382248690108257,0.13005136995673092,1.0,0.9333333333333333,0.9326599326599326,2.967685751159827
iris,full,qso,23,0.001,6.11,0.06380832710178992,0.06564563895781814,0.9777777777777777,0.9666666666666667,0.9665831244778612,1.0287942332839608
iris,full,qso,24,0.001,6.02,0.02603927671429316,0.09754612718685558,1.0,0.9333333333333333,0.9333333333333332,3.74611508058178
iris,full,qso,27,0.001,6.11,0.025042018341264058,0.12212210527767403,1.0,0.9333333333333333,0.9333333333333332,4.876687797821876
iris,full,qso,21,0.001,13.13,0.020400585484050857,0.148276438455164,1.0,0.9333333333333333,0.9333333333333332,7.268244265395533
iris,full,qso,22,0.001,13.12,0.06010753632064393,0.04694672708582928,0.9666666666666667,1.0,1.0,0.7810456052530875
iris,full,qso,28,0.001,6.04,0.07690413245785324,0.03370283127427602,0.9777777777777777,1.0,1.0,0.4382447366238299
iris,full,qso,25,0.001,13.14,0.03468178190916324,0.16469628230874525,1.0,0.8666666666666667,0.8666666666666667,4.748783748773618
iris,full,qso,26,0.001,13.14,0.07512538785290795,0.050897120900470084,0.9777777777777777,0.9666666666666667,0.9665831244778613,0.6774956157314529
iris,full,qso,29,0.001,6.2,0.05817868637078036,0.08207352149666193,0.9777777777777777,0.9333333333333333,0.9326599326599326,1.4107145866717696
wine,8,sgd,2,0.0001,52.43,0.0009323064741660967,0.09510875284200504,1.0,0.9722222222222222,0.9709618874773139,102.01447214777227
wine,8,sgd,5,0.0001,52.06,0.0012754701306620412,0.009760550600552685,1.0,1.0,1.0,7.652512094098516
wine,8,sgd,6,0.0001,46.97,0.0009515191091074121,0.017190827579049866,1.0,1.0,1.0,18.066718171509976
wine,8,sgd,7,0.0001,48.21,0.0012232054183948082,0.004629058484801619,1.0,1.0,1.0,3.784367216813227
wine,8,sgd,0,0.0001,109.7,0.0009629712124539527,0.012878898274883732,1.0,1.0,1.0,13.37412594304274
wine,8,sgd,1,0.0001,110.09,0.0009074632759138561,0.09175599425006647,1.0,0.9444444444444444,0.9451526251526251,101.11262536510262
wine,8,sgd,3,0.0001,109.22,0.0011285387446922758,0.07996791369104594,1.0,0.9722222222222222,0.9709618874773139,70.8596971678196
wine,8,sgd,4,0.0001,109.44,0.0011803212008811266,0.07359026757939637,1.0,0.9722222222222222,0.9709618874773139,62.3476622502927
wine,8,sgd,8,0.0001,52.05,0.0010893500188277555,0.00036840978694099597,1.0,1.0,1.0,0.3381922986859999
wine,8,sgd,9,0.0001,53.52,0.0011845112847353322,0.0638365728146424,1.0,0.9444444444444444,0.9453132832080201,53.89275191996679
wine,8,sgd,14,0.0001,57.37,0.0011555186371234843,0.004120950451904937,1.0,1.0,1.0,3.566321060959705
wine,8,sgd,15,0.0001,57.94,0.0009093127426634276,0.12983604125877538,1.0,0.9722222222222222,0.9751724137931035,142.784803475291
wine,8,sgd,12,0.0001,110.05,0.0011824008072733024,0.008747664605309794,1.0,1.0,1.0,7.398222795096453
wine,8,sgd,10,0.0001,122.28,0.0010466355921442741,0.029306997181780314,1.0,0.9722222222222222,0.9751724137931035,28.001147105783186
wine,8,sgd,11,0.0001,122.79,0.001222781865934965,0.04487994658896596,1.0,0.9722222222222222,0.9709618874773139,36.70315028318628
wine,8,sgd,13,0.0001,123.41,0.0011362278914154285,0.08775929178586687,1.0,0.9722222222222222,0.9709618874773139,77.23740320838529
wine,8,sgd,17,0.0001,54.59,0.0010405274319321943,0.004108661003468499,1.0,1.0,1.0,3.948633046453156
wine,8,sgd,18,0.0001,52.73,0.0009050407877201127,0.02903244807486654,1.0,1.0,1.0,32.078607360892704
wine,8,sgd,16,0.0001,109.62,0.0008840221818289157,0.3264747237948873,1.0,0.9166666666666666,0.9202683726010298,369.3060315742957
wine,8,sgd,22,0.0001,47.75,0.0010386973850544934,0.023266634217260926,1.0,1.0,1.0,22.399819766601496
wine,8,sgd,23,0.0001,46.98,0.001011176735013732,0.11505612126938461,1.0,0.9722222222222222,0.9751724137931035,113.784383367782
wine,8,sgd,19,0.0001,108.84,0.0009462425028484404,0.1907165630579039,1.0,0.9444444444444444,0.942857142857143,201.551465384187
wine,8,sgd,20,0.0001,108.89,0.0010026324211496883,0.11741380271030227,1.0,0.9722222222222222,0.9709618874773139,117.10553163208847
wine,8,sgd,21,0.0001,108.42,0.0012316757887242313,0.11543782995683667,1.0,0.9722222222222222,0.9709618874773139,93.72420162322673
wine,8,sgd,25,0.0001,52.56,0.0010492816628361657,0.11160422690405555,1.0,0.9722222222222222,0.9709618874773139,106.36250575693266
wine,8,sgd,26,0.0001,52.23,0.0008935971434136177,0.1795119737425243,1.0,0.9444444444444444,0.9453132832080201,200.88691539094808
wine,8,sgd,24,0.0001,120.56,0.0009768400321176105,0.13241635007530952,1.0,0.9722222222222222,0.9717813051146384,135.5558184775199
wine,8,pso,0,0.0001,70.28,4.7735881998294225,4.80470913359921,0.39622641509433965,0.3888888888888889,0.18666666666666668,1.0065194005990923
wine,8,pso,1,0.0001,70.06,1.7179148747030542,1.6992354940158327,0.6037735849056604,0.6388888888888888,0.5095495495495496,0.98912671345811
wine,8,sgd,27,0.0001,124.0,0.0008873634964502228,0.10846686947600577,1.0,0.9444444444444444,0.942857142857143,122.23499153381084
wine,8,sgd,28,0.0001,124.57,0.001058895629353518,0.06281304611063951,1.0,0.9722222222222222,0.9747545582047685,59.319393119970115
wine,8,sgd,29,0.0001,124.26,0.00109246066376419,0.15085108193517466,1.0,0.9444444444444444,0.942857142857143,138.08376533705217
wine,8,pso,3,0.0001,63.22,3.4541072138178808,3.668538579349265,0.27358490566037735,0.25,0.13333333333333333,1.0620801128215038
wine,8,pso,7,0.0001,58.22,7.485581032685145,7.42234895261009,0.330188679245283,0.3333333333333333,0.16666666666666666,0.9915528160340583
wine,8,pso,4,0.0001,109.19,4.667233941374479,5.422057523250394,0.39622641509433965,0.3888888888888889,0.18666666666666668,1.1617282508992086
wine,8,pso,8,0.0001,60.69,4.027897982840029,3.9786106966997243,0.330188679245283,0.3333333333333333,0.16666666666666666,0.9877635217301226
wine,8,pso,2,0.0001,140.1,5.944060882780694,5.7040185358672,0.330188679245283,0.3333333333333333,0.16666666666666666,0.9596164387197191
wine,8,pso,9,0.0001,63.46,5.2022743385599295,5.166343375229565,0.27358490566037735,0.2777777777777778,0.14492753623188406,0.9930932201971666
wine,8,pso,5,0.0001,140.44,2.4467333010315877,2.719470937668147,0.5094339622641509,0.5277777777777778,0.4663256606990622,1.111470112627955
wine,8,pso,6,0.0001,140.85,4.732311555577893,4.424891450292658,0.39622641509433965,0.4166666666666667,0.19607843137254902,0.9350380671951143
wine,8,pso,11,0.0001,70.27,1.45225229977328,1.785984144072143,0.39622641509433965,0.3888888888888889,0.26024955436720143,1.2298029373759392
wine,8,pso,13,0.0001,71.02,3.006393163137967,2.8038975081143724,0.330188679245283,0.3333333333333333,0.16666666666666666,0.9326449855240369
wine,8,pso,16,0.0001,69.98,4.908004391095249,5.270586618542128,0.330188679245283,0.3333333333333333,0.16666666666666666,1.0738756933683116
wine,8,pso,10,0.0001,157.5,3.3933421624078655,3.9098104820379334,0.27358490566037735,0.25,0.13333333333333333,1.1522004840394844
wine,8,pso,12,0.0001,145.95,5.716793604877528,5.983659027406828,0.39622641509433965,0.3888888888888889,0.18666666666666668,1.0466809615623718
wine,8,pso,17,0.0001,64.95,2.7772081402640056,3.1033193364948186,0.27358490566037735,0.25,0.13333333333333333,1.1174241107473537
wine,8,pso,14,0.0001,136.45,3.154279699973457,2.81732321640143,0.4339622641509434,0.4722222222222222,0.3988095238095238,0.8931748241683
wine,8,pso,15,0.0001,150.32,3.4166626842382692,3.4550762102411814,0.27358490566037735,0.25,0.13333333333333333,1.011242996325075
wine,8,pso,20,0.0001,64.38,2.015845532154594,1.9897248956929134,0.5943396226415094,0.5833333333333334,0.5263157894736842,0.9870423422603408
wine,8,pso,22,0.0001,64.96,4.27190403563302,4.430862373257114,0.330188679245283,0.3333333333333333,0.16666666666666666,1.037210184568329
wine,8,pso,21,0.0001,86.46,6.196560849860124,5.864907098712057,0.39622641509433965,0.4166666666666667,0.19607843137254902,0.9464777706240787
wine,8,pso,18,0.0001,121.47,3.965301651521025,4.179675185134615,0.39622641509433965,0.4166666666666667,0.19607843137254902,1.0540623519855947
wine,8,pso,19,0.0001,143.22,4.184101678306887,4.3355681409885385,0.39622641509433965,0.3888888888888889,0.18666666666666668,1.0362004736803965
wine,8,pso,25,0.0001,71.4,5.0524937190911,5.19827220388561,0.27358490566037735,0.25,0.13333333333333333,1.0288527790234907
wine,8,pso,26,0.0001,70.8,3.910757332570355,3.947508553400448,0.330188679245283,0.3333333333333333,0.16666666666666666,1.0093974690078604
wine,8,pso,23,0.0001,153.77,2.9617472302726036,2.852950524868776,0.39622641509433965,0.4166666666666667,0.19607843137254902,0.9632660396228973
wine,8,pso,24,0.0001,153.98,2.808732268558536,2.6961456510428707,0.29245283018867924,0.2777777777777778,0.14492753623188406,0.9599155039531605
wine,8,pso,29,0.0001,68.4,6.433342077046248,6.2954534450976425,0.330188679245283,0.3333333333333333,0.16666666666666666,0.9785665630247483
wine,8,qso,0,0.0001,65.21,0.029231387802639036,0.10502962136448789,0.9905660377358491,0.9722222222222222,0.9709618874773139,3.5930425908483796
wine,8,pso,27,0.0001,148.31,4.388656425372402,4.387309991980039,0.39622641509433965,0.4166666666666667,0.19607843137254902,0.9996932014580637
wine,8,pso,28,0.0001,146.72,5.237136960247007,5.21739845393135,0.330188679245283,0.3333333333333333,0.16666666666666666,0.9962310501967995
wine,8,qso,3,0.0001,58.12,0.05379745014484696,0.4380893307961642,0.9716981132075472,0.9444444444444444,0.9457411645054665,8.143310317062063
wine,8,qso,4,0.0001,64.29,0.020144163520346196,0.23927572295457697,1.0,0.8888888888888888,0.890993265993266,11.878166234745933
wine,8,qso,1,0.0001,137.84,0.06671260394620286,0.08544648747653714,0.9716981132075472,0.9722222222222222,0.9709618874773139,1.2808147549665625
wine,8,qso,5,0.0001,78.08,0.2538757016494639,0.3683835720715519,0.9245283018867925,0.9166666666666666,0.914141414141414,1.4510391096040909
wine,8,qso,8,0.0001,66.88,0.05541185208689858,0.10861530886708001,0.9811320754716981,0.9722222222222222,0.9740129935032483,1.9601457951043781
wine,8,qso,2,0.0001,140.21,0.02516228542830439,0.05244033541843021,1.0,0.9722222222222222,0.9709618874773139,2.0840847532649582
wine,8,qso,10,0.0001,69.41,0.3134578465794201,0.8371945386583926,0.9245283018867925,0.8611111111111112,0.8600732600732601,2.6708361197341235
wine,8,qso,7,0.0001,137.09,0.0658822930244992,0.29016962429948523,0.9716981132075472,0.9166666666666666,0.9229629629629629,4.40436437437874
wine,8,qso,11,0.0001,69.08,0.19586483122866546,0.5304529313669252,0.8962264150943396,0.8055555555555556,0.8146113146113146,2.7082602223144367
wine,8,qso,6,0.0001,153.71,0.007263885842150567,0.030468414613776845,1.0,1.0,1.0,4.1945062568268945
wine,8,qso,13,0.0001,63.35,0.024647604166553934,0.03768193846240596,0.9905660377358491,1.0,1.0,1.5288276380849717
wine,8,qso,9,0.0001,149.06,0.27994128430737186,0.18581517446673923,0.9150943396226415,0.8888888888888888,0.8833986928104576,0.663764813848309
wine,8,qso,15,0.0001,58.81,0.021913859384464846,0.46717748086663125,1.0,0.8888888888888888,0.8945334350368674,21.318813481016598
wine,8,qso,12,0.0001,142.58,0.06932588995021163,0.02365055185332847,0.9716981132075472,1.0,1.0,0.3411503533573646
wine,8,qso,17,0.0001,58.03,0.08975096756096798,0.34774116684075845,0.9622641509433962,0.8611111111111112,0.8626068376068377,3.874511621331963
wine,8,qso,19,0.0001,60.55,0.06174493408794859,0.06579387610765113,0.9905660377358491,1.0,1.0,1.0655752909855776
wine,8,qso,14,0.0001,137.35,0.193353379703798,0.07621297639578495,0.9433962264150944,0.9722222222222222,0.9717813051146384,0.3941641801789923
wine,8,qso,16,0.0001,138.48,0.11880110410013597,0.4047900056750708,0.9622641509433962,0.8888888888888888,0.8864160401002507,3.4072916135011533
wine,8,qso,21,0.0001,66.62,0.06158938491992299,0.42599974393018825,0.9716981132075472,0.9166666666666666,0.9197860962566845,6.916772175660833
wine,8,qso,22,0.0001,69.16,0.13522072245869884,0.3215850464182106,0.9622641509433962,0.9166666666666666,0.9093817163992602,2.3782231049418776
wine,8,qso,18,0.0001,146.13,0.12082161732527609,0.15981670482011753,0.9528301886792453,0.9722222222222222,0.9747545582047685,1.3227492592642494
wine,8,qso,20,0.0001,152.02,0.04016436664866668,0.34191148243432185,0.9905660377358491,0.9444444444444444,0.9453132832080201,8.51280652388109
wine,8,qso,25,0.0001,70.23,0.17032691862000576,0.21877142951877368,0.9528301886792453,0.9444444444444444,0.9453132832080201,1.2844207556343232
wine,8,qso,27,0.0001,67.0,0.01214635399950656,0.3712712143603096,1.0,0.9166666666666666,0.9089184060721062,30.566474052657473
wine,8,qso,23,0.0001,150.0,0.03564927102272872,0.2767292927528759,0.9811320754716981,0.9444444444444444,0.942857142857143,7.762551233556587
wine,8,qso,26,0.0001,89.06,0.05522838153470355,0.09235673770681813,0.9716981132075472,0.9722222222222222,0.9696394686907022,1.6722694951468826
wine,8,qso,24,0.0001,139.93,0.24105232648715955,0.27382827739826887,0.9716981132075472,0.9444444444444444,0.9457411645054665,1.1359702741257518
wine,16,sgd,0,0.0001,25.15,0.000982554726290666,0.012703063210667647,1.0,1.0,1.0,12.92860628600726
wine,16,sgd,2,0.0001,25.92,0.0009681164885434088,0.09659962495431901,1.0,0.9722222222222222,0.9709618874773139,99.78099340055567
wine,16,sgd,4,0.0001,26.38,0.001238891094918595,0.06594647007924076,1.0,0.9722222222222222,0.9709618874773139,53.23023980858783
wine,16,sgd,5,0.0001,26.95,0.0013193798512219068,0.008819066936328548,1.0,1.0,1.0,6.684251641527658
wine,16,sgd,1,0.0001,56.27,0.0009385787496496044,0.0828945376861891,1.0,0.9722222222222222,0.9717813051146384,88.31921425574122
wine,16,sgd,3,0.0001,55.51,0.001160766544108554,0.07617138255207394,1.0,0.9722222222222222,0.9709618874773139,65.62162128007581
wine,16,sgd,6,0.0001,27.3,0.0010135305291656212,0.01604269960559033,1.0,1.0,1.0,15.828531202505879
wine,8,qso,29,0.0001,131.12,0.13130906665993133,0.24325409791826968,0.9433962264150944,0.9444444444444444,0.9440559440559441,1.8525308579662467
wine,16,sgd,9,0.0001,29.55,0.0012302126527626743,0.07052474998122225,1.0,0.9444444444444444,0.9453132832080201,57.32728388286825
wine,8,qso,28,0.0001,139.51,0.01048818328368324,0.26745568814567533,1.0,0.9166666666666666,0.9198950455317179,25.50066879187396
wine,16,sgd,10,0.0001,29.96,0.0010836216591963899,0.017593602821940033,1.0,1.0,1.0,16.235927616090095
wine,16,sgd,7,0.0001,56.28,0.0012687366821738746,0.004629723401774369,1.0,1.0,1.0,3.64908137899956
wine,16,sgd,12,0.0001,30.48,0.00121466233180131,0.0071897251025878055,1.0,1.0,1.0,5.919114238049719
wine,16,sgd,8,0.0001,64.27,0.0011071155690424062,0.0003963621863650643,1.0,1.0,1.0,0.35801337949559836
wine,16,sgd,14,0.0001,30.64,0.0011869382742722096,0.004785366560462298,1.0,1.0,1.0,4.031689485619228
wine,16,sgd,16,0.0001,30.22,0.0009328381493010858,0.32286060117797316,1.0,0.9166666666666666,0.9202683726010298,346.10570056538893
wine,16,sgd,11,0.0001,65.48,0.0012484859545727404,0.04839926504765001,1.0,0.9722222222222222,0.9709618874773139,38.76636727099851
wine,16,sgd,18,0.0001,30.45,0.0009386332698505757,0.022130038933518014,1.0,1.0,1.0,23.576874637142332
wine,16,sgd,13,0.0001,65.65,0.0011852078737161365,0.0999491381489695,1.0,0.9722222222222222,0.9709618874773139,84.33047093720864
wine,16,sgd,15,0.0001,65.48,0.0009582510311830237,0.08665059656716391,1.0,0.9444444444444444,0.9453132832080201,90.42577962080361
wine,16,sgd,19,0.0001,30.55,0.0009740801380873404,0.19173230953001474,1.0,0.9444444444444444,0.942857142857143,196.83422547398575
wine,16,sgd,21,0.0001,30.94,0.0012808002275405531,0.09997307149225801,1.0,0.9722222222222222,0.9709618874773139,78.05516375042386
wine,16,sgd,17,0.0001,65.65,0.0010861514533716322,0.004422114365515317,1.0,1.0,1.0,4.071360722105731
wine,16,sgd,24,0.0001,27.76,0.001006864970078451,0.13325507664865538,1.0,0.9722222222222222,0.9717813051146384,132.3465217369442
wine,16,sgd,25,0.0001,27.45,0.0010815395404080144,0.10972781780842615,1.0,0.9722222222222222,0.9709618874773139,101.45520686837854
wine,16,sgd,20,0.0001,62.08,0.0010344801581312695,0.12543919041541546,1.0,0.9722222222222222,0.9709618874773139,121.258188887851
wine,16,sgd,22,0.0001,61.04,0.0010710464789035219,0.03201260487368766,1.0,0.9722222222222222,0.9717813051146384,29.8890902535438
wine,16,sgd,23,0.0001,57.11,0.0010465842704145063,0.11022502322983836,1.0,0.9722222222222222,0.9751724137931035,105.31882271284572
wine,16,sgd,27,0.0001,24.48,0.0009197401204650961,0.10967801649600263,1.0,0.9444444444444444,0.942857142857143,119.24892048912733
wine,16,sgd,28,0.0001,24.62,0.0011118539982758898,0.06073728031365471,1.0,0.9722222222222222,0.9747545582047685,54.627028735641304
wine,16,sgd,26,0.0001,54.94,0.0009394313683575016,0.16337940353916108,1.0,0.9722222222222222,0.9709618874773139,173.91308087232923
wine,16,pso,2,0.0001,31.05,0.36633702748358254,0.5986772776304476,0.8962264150943396,0.8055555555555556,0.8004459308807136,1.6342254064319979
wine,16,sgd,29,0.0001,54.1,0.0011197268695771418,0.15539264257912178,1.0,0.9444444444444444,0.942857142857143,138.77727399522428
wine,16,pso,3,0.0001,31.11,0.13717661124590627,0.4103474105330002,0.9528301886792453,0.9166666666666666,0.9153439153439153,2.991380285647974
wine,16,pso,0,0.0001,69.26,0.2267792449256326,0.07949479706752871,0.9339622641509434,1.0,1.0,0.3505382386011442
wine,16,pso,5,0.0001,32.65,0.12219531680480195,0.12916045097392045,0.9433962264150944,0.9166666666666666,0.912741935483871,1.0570000090940048
wine,16,pso,7,0.0001,32.86,0.2464800722657021,0.12315058840147539,0.9150943396226415,0.9444444444444444,0.9453132832080201,0.49963709954093477
wine,16,pso,1,0.0001,71.98,0.304429968056691,0.3492511287534774,0.9339622641509434,0.9444444444444444,0.9440559440559441,1.1472297914127818
wine,16,pso,4,0.0001,73.72,0.6110173863788282,0.3629616122101704,0.839622641509434,0.8888888888888888,0.8968253968253969,0.5940282883949488
wine,16,pso,9,0.0001,36.31,0.40462892829798613,0.37658515018994887,0.8584905660377359,0.8888888888888888,0.8885003885003885,0.9306926021676221
wine,16,pso,10,0.0001,36.66,0.3748663864497146,0.5327864156740899,0.839622641509434,0.75,0.7367724867724869,1.4212701776758505
wine,16,pso,6,0.0001,78.41,0.1956301309280465,0.3644134946964231,0.9433962264150944,0.8888888888888888,0.8941370520317888,1.862767728916236
wine,16,pso,8,0.0001,81.29,0.23068911985627308,0.039563488110931945,0.9056603773584906,1.0,1.0,0.17150131803173596
wine,16,pso,13,0.0001,37.31,0.22903129961039173,0.08308731190978497,0.8867924528301887,0.9722222222222222,0.9717813051146384,0.3627771053612582
wine,16,pso,14,0.0001,37.36,0.08465927679800508,0.12561804019464165,0.9811320754716981,0.8888888888888888,0.8906371406371406,1.4838071496212182
wine,16,pso,11,0.0001,83.64,1.2189203568389826,1.0875920413221885,0.7075471698113207,0.6944444444444444,0.5288978494623656,0.8922584935267084
wine,16,pso,12,0.0001,83.87,0.6524985034035202,0.5728190315255167,0.7547169811320755,0.7777777777777778,0.6902356902356903,0.8778855867678093
wine,16,pso,17,0.0001,37.63,0.522421328402452,0.533599422054291,0.7924528301886793,0.8333333333333334,0.8416515426497276,1.02139670232458
wine,16,pso,18,0.0001,37.62,0.13082514021645655,0.2394856380150755,0.9433962264150944,0.8611111111111112,0.8643500219587176,1.8305781107425902
wine,16,pso,15,0.0001,74.58,0.19236211645325202,0.3090094649654981,0.9150943396226415,0.8888888888888888,0.8945334350368674,1.6063945992224191
wine,16,pso,21,0.0001,35.91,0.24826223720157098,0.07622108755846405,0.9245283018867925,0.9722222222222222,0.9709618874773139,0.30701845120560173
wine,16,pso,16,0.0001,81.35,0.1804236554493518,0.35391217723782753,0.9433962264150944,0.8055555555555556,0.7992702554106063,1.961561949049287
wine,16,pso,23,0.0001,34.03,0.1912585688810764,0.36413242420082836,0.9245283018867925,0.8611111111111112,0.8758620689655173,1.9038750856033229
wine,16,pso,19,0.0001,77.5,0.4892400492602289,0.7455199882238465,0.839622641509434,0.8055555555555556,0.8136200716845878,1.5238327061554626
wine,16,pso,20,0.0001,75.01,0.1683321228987051,0.10087380605051673,0.9245283018867925,0.9722222222222222,0.9696394686907022,0.5992546420341777
wine,16,pso,24,0.0001,30.1,0.4457859180668034,0.24741260680105256,0.8584905660377359,0.8888888888888888,0.888888888888889,0.555003190486552
wine,16,pso,26,0.0001,29.98,0.19374190587772744,0.4905407515775214,0.9339622641509434,0.8888888888888888,0.8948370927318295,2.5319290081057986
wine,16,pso,22,0.0001,73.03,0.2987626840780796,0.18725678634403736,0.8962264150943396,0.9444444444444444,0.9451526251526251,0.6267743474118042
wine,16,pso,29,0.0001,31.36,0.5771583978798526,0.4304537927769841,0.8207547169811321,0.8611111111111112,0.8600732600732601,0.7458156969702309
wine,16,qso,0,0.0001,31.18,0.015023612119202617,0.09793721194714228,1.0,0.9722222222222222,0.974320987654321,6.518885815879299
wine,16,pso,25,0.0001,68.94,0.1236254415433721,0.2136955703635646,0.9716981132075472,0.9166666666666666,0.9259259259259259,1.7285727573202865
wine,16,pso,27,0.0001,71.29,0.14267577215679011,0.1491163390365461,0.9245283018867925,0.9444444444444444,0.9448366013071895,1.0451412792963775
wine,16,qso,2,0.0001,31.98,0.0266632083474653,0.22941146479720645,0.9905660377358491,0.9166666666666666,0.9162121448236454,8.604045762520366
wine,16,pso,28,0.0001,72.36,0.23294672791255702,0.4149804549206422,0.9245283018867925,0.8611111111111112,0.8628747795414462,1.781439295753562
wine,16,qso,3,0.0001,33.28,0.01881634307628108,0.07420722415696598,0.9905660377358491,0.9444444444444444,0.9407407407407407,3.943764410339
wine,16,qso,1,0.0001,72.92,0.0023026204032747604,0.04737873413152413,1.0,1.0,1.0,20.576007258574897
wine,16,qso,6,0.0001,36.28,0.02987271578747178,0.038824215230314346,0.9905660377358491,0.9722222222222222,0.9747545582047685,1.299654691810669
wine,16,qso,8,0.0001,36.67,0.004227513766137852,0.0017430464460420495,1.0,1.0,1.0,0.41231005798343073
wine,16,qso,4,0.0001,78.68,0.011039720437969993,0.41929110291167815,1.0,0.9444444444444444,0.9407407407407407,37.980228328026236
wine,16,qso,10,0.0001,36.39,0.006544435481314337,0.015297031991907236,1.0,1.0,1.0,2.3374104665839095
wine,16,qso,5,0.0001,82.2,0.016579296606286428,0.4316648651328022,1.0,0.9166666666666666,0.9160805626598464,26.036379913073418
wine,16,qso,11,0.0001,36.63,0.057025495958825494,0.019119314044253793,0.9811320754716981,1.0,1.0,0.3352765937898838
wine,16,qso,7,0.0001,81.92,0.015911652556047883,0.1853417029777243,0.9905660377358491,0.9722222222222222,0.974320987654321,11.648174337949422
wine,16,qso,9,0.0001,82.02,0.05226994716736899,0.41734282064709083,0.9905660377358491,0.9166666666666666,0.9201956039524096,7.984374258323893
wine,16,qso,13,0.0001,36.92,0.008625532049065687,0.10209281629405846,1.0,0.9444444444444444,0.9407407407407407,11.836118133155287
wine,16,qso,15,0.0001,36.87,0.0025957122334218123,0.257737322625823,1.0,0.9444444444444444,0.9505494505494506,99.293488433446
wine,16,qso,12,0.0001,80.95,0.004171962740730851,0.059193034836866255,1.0,0.9722222222222222,0.9717813051146384,14.188294219160912
wine,16,qso,18,0.0001,34.8,0.00225701777390604,0.2511104106263482,1.0,0.9444444444444444,0.9453132832080201,111.25761326716162
wine,16,qso,19,0.0001,33.2,0.0037030624645415532,0.08011190842149002,1.0,0.9444444444444444,0.9457411645054665,21.633960860395057
wine,16,qso,14,0.0001,77.57,0.04565382402838721,0.03145935818353164,0.9905660377358491,0.9722222222222222,0.974320987654321,0.6890848434508015
wine,16,qso,16,0.0001,74.99,0.002547299617558616,0.2987091695217154,1.0,0.9166666666666666,0.9202683726010298,117.26503135426384
wine,16,qso,21,0.0001,29.68,0.0010916942137945951,0.3544039671511212,1.0,0.9444444444444444,0.9488636363636364,324.63666352069095
wine,16,qso,17,0.0001,72.93,0.016760454072072137,0.06690581473348839,0.9905660377358491,0.9722222222222222,0.9709618874773139,3.991885568600031
wine,16,qso,22,0.0001,28.95,0.0013326169353344748,0.1107567438511586,1.0,0.9722222222222222,0.9717813051146384,83.11221395618814
wine,16,qso,25,0.0001,30.22,0.024393253957282646,0.2044262389410194,0.9905660377358491,0.9166666666666666,0.9197780776728145,8.380441547446262
wine,16,qso,20,0.0001,66.94,0.002287447754122787,0.09812729850258367,1.0,0.9722222222222222,0.9709618874773139,42.89815945554328
wine,16,qso,27,0.0001,30.76,0.0022809964578902626,0.22578314451161263,1.0,0.9444444444444444,0.942857142857143,98.98443451352125
wine,16,qso,23,0.0001,68.23,0.003953852831850989,0.07572424835562794,1.0,0.9722222222222222,0.9709618874773139,19.152014901924858
wine,32,sgd,0,0.0001,16.8,0.0010305310137775287,0.015754502305673,1.0,1.0,1.0,15.287751746473965
wine,16,qso,24,0.0001,68.74,0.03581273259180773,0.40938643449334694,0.9905660377358491,0.9444444444444444,0.9451526251526251,11.431309617155417
wine,16,qso,28,0.0001,31.89,0.029659015346435072,0.17940575813381762,0.9811320754716981,0.9444444444444444,0.9453132832080201,6.048945187095757
wine,16,qso,26,0.0001,70.66,0.0032835547970929383,0.12045302870506891,1.0,0.9444444444444444,0.9453132832080201,36.68372728596178
wine,32,sgd,2,0.0001,17.81,0.000981276778419769,0.09778066865150356,1.0,0.9444444444444444,0.9407407407407407,99.64636971127334
wine,32,sgd,4,0.0001,18.18,0.0012659050063753056,0.05954150018149407,1.0,0.9722222222222222,0.9709618874773139,47.03473000077675
wine,32,sgd,1,0.0001,37.97,0.0009598311517888824,0.06773689585580268,1.0,0.9444444444444444,0.942857142857143,70.57167891410718
wine,32,sgd,6,0.0001,19.16,0.0010588882139560213,0.01554768964120768,1.0,1.0,1.0,14.683032105080565
wine,32,sgd,3,0.0001,38.27,0.0011763701468058283,0.07238606980048147,1.0,0.9722222222222222,0.9709618874773139,61.53341275875604
wine,32,sgd,7,0.0001,26.66,0.0012976115935292225,0.004959581427769349,1.0,1.0,1.0,3.822084707397197
wine,16,qso,29,0.0001,76.25,0.020394791249974033,0.03325299899998209,0.9905660377358491,1.0,1.0,1.630465278727696
wine,32,sgd,8,0.0001,19.66,0.0011132000141040445,0.0004354973506328356,1.0,1.0,1.0,0.39121213179586983
wine,32,sgd,5,0.0001,39.57,0.0013533382350283286,0.008121925296491583,1.0,1.0,1.0,6.001400896148901
wine,32,sgd,9,0.0001,19.15,0.001262048333143788,0.07713014309172293,1.0,0.9444444444444444,0.9453132832080201,61.11504691709404
wine,32,sgd,13,0.0001,18.86,0.0012002873619129293,0.1104890840638424,1.0,0.9722222222222222,0.9709618874773139,92.05219314127666
wine,32,sgd,15,0.0001,18.85,0.0009878478118816804,0.07355288854816171,1.0,0.9444444444444444,0.9453132832080201,74.45771267950282
wine,32,sgd,10,0.0001,39.16,0.0011164159825482489,0.015359906111247002,1.0,1.0,1.0,13.758228430398866
wine,32,sgd,11,0.0001,36.71,0.0012600188716009896,0.05126186564401188,1.0,0.9722222222222222,0.9709618874773139,40.68341101818432
wine,32,sgd,12,0.0001,39.11,0.001245320690820528,0.0053043464095524065,1.0,1.0,1.0,4.259422049799422
wine,32,sgd,14,0.0001,39.04,0.0012055546116962028,0.005464758190977301,1.0,1.0,1.0,4.532982693574075
wine,32,sgd,17,0.0001,19.0,0.001125196350696701,0.004513072505330699,1.0,1.0,1.0,4.010919963023597
wine,32,sgd,16,0.0001,26.48,0.0009579826127232016,0.30802903474600046,1.0,0.8888888888888888,0.8897028897028897,321.53927498786663
wine,32,sgd,21,0.0001,18.94,0.0013006273867180525,0.08182023384363397,1.0,0.9722222222222222,0.9709618874773139,62.90828155640767
wine,32,sgd,22,0.0001,19.09,0.001094989300703038,0.04775551279424699,1.0,0.9722222222222222,0.9717813051146384,43.61276659377909
wine,32,sgd,19,0.0001,31.63,0.0009886038017008457,0.18588278458712235,1.0,0.9444444444444444,0.942857142857143,188.0255611674969
wine,32,sgd,18,0.0001,39.21,0.0009644773724424709,0.01719759397351843,1.0,1.0,1.0,17.830997869827403
wine,32,sgd,20,0.0001,39.15,0.0010491202786966785,0.13431245977876471,1.0,0.9722222222222222,0.9709618874773139,128.0238905930033
wine,32,sgd,24,0.0001,18.81,0.0010248422685749606,0.13460840886824937,1.0,0.9722222222222222,0.9717813051146384,131.34548895550714
wine,32,sgd,25,0.0001,18.89,0.0011152776930984643,0.10549647451222416,1.0,0.9722222222222222,0.9709618874773139,94.59211384308591
wine,32,sgd,23,0.0001,38.51,0.0010802276961940523,0.09792384218596885,1.0,0.9722222222222222,0.9751724137931035,90.65111228954991
wine,32,sgd,29,0.0001,16.96,0.0011444662806262172,0.15606310749628197,1.0,0.9444444444444444,0.942857142857143,136.3632202522288
wine,32,pso,0,0.0001,19.6,0.18026659360577535,0.3439597076296096,0.9339622641509434,0.8611111111111112,0.8694456940070975,1.9080612816250047
wine,32,sgd,26,0.0001,35.68,0.0009760971605089635,0.1516813686996316,1.0,0.9722222222222222,0.9709618874773139,155.3957688193057
wine,32,sgd,27,0.0001,35.59,0.0009449261737609992,0.11399451784211727,1.0,0.9444444444444444,0.942857142857143,120.63854405513587
wine,32,sgd,28,0.0001,33.44,0.0011487662981080906,0.06299689975396897,1.0,0.9722222222222222,0.9747545582047685,54.838742969495975
wine,32,pso,2,0.0001,18.14,0.2888565458488698,0.3684688614634749,0.8867924528301887,0.8333333333333334,0.8355072463768116,1.2756119491100555
wine,32,pso,3,0.0001,17.99,0.14629188232503731,0.27263736679366485,0.9622641509433962,0.8611111111111112,0.8516688625384278,1.8636534198658266
wine,32,pso,1,0.0001,40.67,0.19507684901916217,0.1492276255179993,0.9150943396226415,0.9166666666666666,0.9197780776728145,0.7649684022902218
wine,32,pso,7,0.0001,18.62,0.3949316324939983,0.28540732942889613,0.8962264150943396,0.8611111111111112,0.8640618640618639,0.7226752833814429
wine,32,pso,8,0.0001,18.69,0.2439943009013695,0.10562290285785121,0.9339622641509434,0.9444444444444444,0.9440035273368607,0.43289086043262726
wine,32,pso,4,0.0001,40.51,0.2711820334331333,0.43780951197806955,0.8679245283018868,0.8333333333333334,0.8155726058539358,1.6144488129816403
wine,32,pso,5,0.0001,40.5,0.2437650112490426,0.14438341017935954,0.9245283018867925,0.9166666666666666,0.91514687100894,0.5923057186900798
wine,32,pso,10,0.0001,19.3,0.08060098865281494,0.18319465061198945,0.9811320754716981,0.9166666666666666,0.9162962962962963,2.2728586047634227
wine,32,pso,6,0.0001,40.96,0.1262581587670874,0.2560795060255201,0.9528301886792453,0.9166666666666666,0.9201956039524096,2.028221451398784
wine,32,pso,11,0.0001,19.15,0.1556654239291413,0.2735665114867205,0.9339622641509434,0.9166666666666666,0.9162962962962963,1.7574006133259732
wine,32,pso,9,0.0001,42.16,0.1956309527198913,0.301599455058756,0.9056603773584906,0.8888888888888888,0.8948370927318295,1.5416755419608508
wine,32,pso,14,0.0001,19.46,0.15587673729946663,0.11573695710760241,0.9339622641509434,0.9722222222222222,0.974320987654321,0.7424902465417361
wine,32,pso,16,0.0001,19.51,0.6715052112776095,1.067348407974295,0.7547169811320755,0.6666666666666666,0.6275946275946276,1.5894864106021633
wine,32,pso,12,0.0001,43.21,0.1141134448409498,0.04557249690023747,0.9433962264150944,1.0,1.0,0.39936132822697595
wine,32,pso,13,0.0001,42.94,0.14836955754443237,0.11384262129137851,0.9245283018867925,0.9444444444444444,0.942857142857143,0.7672909670657065
wine,32,pso,18,0.0001,20.71,0.30534031797255967,0.5826495792502067,0.8962264150943396,0.8055555555555556,0.7940548340548341,1.9081973291930883
wine,32,pso,19,0.0001,20.76,0.29555667876446445,0.33431192371532875,0.8773584905660378,0.9166666666666666,0.9184859584859586,1.1311262703075278
wine,32,pso,15,0.0001,44.02,0.173816346359969,0.1619219311628114,0.9433962264150944,0.9166666666666666,0.9198950455317179,0.931569064439287
wine,32,pso,22,0.0001,22.74,0.37047780848606837,0.4858752154632321,0.8679245283018868,0.8055555555555556,0.8043900543900544,1.31148264304609
wine,32,pso,17,0.0001,46.71,0.35595007304083676,0.2676493973095518,0.8867924528301887,0.8888888888888888,0.8877655677655678,0.7519296035622541
wine,32,pso,23,0.0001,22.65,0.24780827770715744,0.25149340137431203,0.8867924528301887,0.8888888888888888,0.8783333333333333,1.0148708659018624
wine,32,pso,20,0.0001,49.04,0.21686477580071933,0.23672849251443,0.9245283018867925,0.9444444444444444,0.942857142857143,1.0915949427027456
wine,32,pso,21,0.0001,49.24,0.21101078326133849,0.1609749472006855,0.9433962264150944,0.9722222222222222,0.9709618874773139,0.7628754545748346
wine,32,pso,25,0.0001,22.63,0.1952827866986919,0.2656703838312925,0.9245283018867925,0.8611111111111112,0.8562962962962963,1.3604393317123433
wine,32,pso,27,0.0001,22.88,0.4761346643303416,0.390150320641883,0.8679245283018868,0.8888888888888888,0.8846903583745688,0.8194117124209155
wine,32,pso,24,0.0001,49.54,0.4608273574183146,0.4621689036156655,0.8113207547169812,0.8333333333333334,0.8285756111843069,1.0029111687397785
wine,32,qso,0,0.0001,22.16,0.0019191739087231702,0.01785837580398912,1.0,1.0,1.0,9.305241032518168
wine,32,qso,1,0.0001,22.22,0.0015598343863171004,0.036190200090788306,1.0,1.0,1.0,23.20130932376507
wine,32,pso,26,0.0001,49.51,0.3238105838298865,0.8243095498850433,0.8773584905660378,0.8611111111111112,0.862962962962963,2.5456535118014965
wine,32,qso,3,0.0001,22.28,0.0021612555138999317,0.07165429570141242,1.0,0.9722222222222222,0.9709618874773139,33.15401406292495
wine,32,pso,28,0.0001,49.26,0.14836995487824584,0.42580857558272156,0.9528301886792453,0.8611111111111112,0.8630952380952381,2.8699110674539545
wine,32,qso,4,0.0001,22.33,0.004380121575850018,0.16307080270613683,1.0,0.9722222222222222,0.9709618874773139,37.229743485942144
wine,32,pso,29,0.0001,49.06,0.31170407908079895,0.32244918917097337,0.8584905660377359,0.8611111111111112,0.8630303030303031,1.0344721510281845
wine,32,qso,2,0.0001,48.16,0.002100239781444266,0.16027836277954502,1.0,0.9444444444444444,0.9448366013071895,76.31431620123244
wine,32,qso,6,0.0001,22.09,0.002058449630644181,0.0778803499022148,1.0,0.9444444444444444,0.9457411645054665,37.83446956525361
wine,32,qso,8,0.0001,22.05,0.0022636705220084137,0.0038734094816550027,1.0,1.0,1.0,1.7111189300721945
wine,32,qso,5,0.0001,47.62,0.003584270984835902,0.026113963808301475,1.0,0.9722222222222222,0.9709618874773139,7.285711353517274
wine,32,qso,11,0.0001,19.87,0.0020707448116228217,0.03074143663278312,1.0,1.0,1.0,14.84559394293079
wine,32,qso,12,0.0001,19.39,0.002669585081918361,0.007805073018802854,1.0,1.0,1.0,2.9237026651325673
wine,32,qso,7,0.0001,44.79,0.0016833790623105378,0.06971456408266355,1.0,0.9722222222222222,0.9740129935032483,41.41346749731826
wine,32,qso,9,0.0001,44.72,0.0018228193490667562,0.01044932190821023,1.0,1.0,1.0,5.732505480348371
wine,32,qso,10,0.0001,42.62,0.0013577689830594059,0.1198016784360524,1.0,0.9444444444444444,0.9505494505494506,88.23421357446841
wine,32,qso,14,0.0001,17.65,0.0020569987711105643,0.00590912139441486,1.0,1.0,1.0,2.8726907752232407
wine,32,qso,15,0.0001,17.61,0.0019697436512617007,0.1566192565640873,1.0,0.9444444444444444,0.9453132832080201,79.51250735788197
wine,32,qso,13,0.0001,39.42,0.0011813345734405188,0.11504806087432781,1.0,0.9722222222222222,0.9709618874773139,97.3882111477207
wine,32,qso,19,0.0001,18.01,0.003742801544569062,0.0762262192621972,1.0,0.9722222222222222,0.9717813051146384,20.366086300462324
wine,32,qso,20,0.0001,18.2,0.001378038982897501,0.1340204950649924,1.0,0.9722222222222222,0.9709618874773139,97.25450203389556
wine,32,qso,16,0.0001,38.91,0.0007360790175827144,0.16458007583762496,1.0,0.9166666666666666,0.9197780776728145,223.59022863891215
wine,32,qso,17,0.0001,39.07,0.0016325999369085807,0.024632459709005298,1.0,1.0,1.0,15.087872510670458
wine,32,qso,18,0.0001,39.61,0.0012631400694528645,0.03378541694745371,1.0,1.0,1.0,26.747165864263998
wine,32,qso,22,0.0001,18.73,0.0027392428783328295,0.06131912651620416,1.0,0.9722222222222222,0.9717813051146384,22.38542883554907
wine,32,qso,23,0.0001,18.63,0.0014397357397116536,0.11674663241584583,1.0,0.9722222222222222,0.9751724137931035,81.08893125013867
wine,32,qso,21,0.0001,40.42,0.0016071599689318236,0.09730446598341315,1.0,0.9444444444444444,0.9457411645054665,60.544356420279186
wine,32,qso,27,0.0001,19.22,0.0007795035259816831,0.08920334896343203,1.0,0.9722222222222222,0.9709618874773139,114.4361070735274
wine,32,qso,28,0.0001,18.92,0.0019101357065683447,0.18842990119429018,1.0,0.8888888888888888,0.8959477124183005,98.64738957883469
wine,64,sgd,0,0.0001,9.49,0.0011251506721430967,0.020130515730961154,1.0,1.0,1.0,17.891395552044745
wine,32,qso,24,0.0001,41.27,0.0015869870801341443,0.10821677314698866,1.0,0.9444444444444444,0.945824706694272,68.19007823166484
wine,64,sgd,1,0.0001,9.57,0.0010238572045526435,0.053150061831481694,1.0,0.9444444444444444,0.942857142857143,51.911596260832766
wine,32,qso,25,0.0001,41.52,0.0016477374294401907,0.11940978471544358,1.0,0.9722222222222222,0.9751724137931035,72.46893988201286
wine,64,sgd,2,0.0001,9.58,0.0010531019434533854,0.10052611948274154,1.0,0.9444444444444444,0.9407407407407407,95.45715883221256
wine,32,qso,26,0.0001,41.84,0.0010769925085933217,0.24338540331877226,1.0,0.9166666666666666,0.91514687100894,225.98616181338355
wine,64,sgd,4,0.0001,9.58,0.0013992984277136288,0.05338400468855318,1.0,0.9722222222222222,0.9709618874773139,38.15055004083689
wine,64,sgd,3,0.0001,19.66,0.001252084789769632,0.06678900783425257,1.0,0.9722222222222222,0.9709618874773139,53.34224038177232
wine,64,sgd,7,0.0001,10.47,0.0014014125543584525,0.005560752458602829,1.0,1.0,1.0,3.967962497059594
wine,64,sgd,8,0.0001,10.4,0.0012032160772176537,0.0005565927704735787,1.0,1.0,1.0,0.4625875443425402
wine,64,sgd,5,0.0001,20.1,0.001478691851344116,0.007456440792112343,1.0,1.0,1.0,5.042592738530691
wine,64,sgd,6,0.0001,18.7,0.0011450581080570549,0.01656731427517017,1.0,1.0,1.0,14.468535839881298
wine,32,qso,29,0.0001,43.92,0.0030933245038779022,0.11243973369124993,1.0,0.9722222222222222,0.9717813051146384,36.34915559304931
wine,64,sgd,11,0.0001,10.4,0.0013328962633329974,0.048738191279306696,1.0,0.9722222222222222,0.9709618874773139,36.56562976434006
wine,64,sgd,10,0.0001,13.87,0.001190325783986378,0.019446397396952676,1.0,1.0,1.0,16.33703785851556
wine,64,sgd,13,0.0001,10.79,0.001264795723245068,0.1171506097405963,1.0,0.9722222222222222,0.9709618874773139,92.62413493937557
wine,64,sgd,9,0.0001,21.06,0.0013580967777502056,0.08333694662280666,1.0,0.9444444444444444,0.9453132832080201,61.36303979813639
wine,64,sgd,15,0.0001,10.49,0.0010674423059398828,0.06210095554760337,1.0,0.9444444444444444,0.9453132832080201,58.17734148444068
wine,64,sgd,12,0.0001,21.18,0.0013584293051260206,0.0037533229142435493,1.0,1.0,1.0,2.762987297226598
wine,64,sgd,17,0.0001,10.5,0.0012162955972173592,0.0050559299865195195,1.0,1.0,1.0,4.156826677730706
wine,64,sgd,14,0.0001,21.32,0.0012923636298234876,0.006299028548576517,1.0,1.0,1.0,4.874037309017157
wine,64,sgd,19,0.0001,10.51,0.0010497708582186856,0.1713220574925336,1.0,0.9444444444444444,0.942857142857143,163.19947934470497
wine,64,sgd,16,0.0001,21.1,0.0010338743124433997,0.28018714545922374,1.0,0.8888888888888888,0.8897028897028897,271.00697066072314
wine,64,sgd,21,0.0001,10.4,0.0013888693124618995,0.0563082692015739,1.0,0.9722222222222222,0.9709618874773139,40.542525273139105
wine,64,sgd,18,0.0001,21.29,0.0010631840284723946,0.01393685110115848,1.0,1.0,1.0,13.108597127049814
wine,64,sgd,23,0.0001,10.48,0.0011606067821546735,0.08566586007171545,1.0,0.9722222222222222,0.9709618874773139,73.81126957803595
wine,64,sgd,20,0.0001,21.11,0.0011085269346453443,0.14470658376270135,1.0,0.9722222222222222,0.9709618874773139,130.53952884689983
wine,64,sgd,25,0.0001,10.65,0.0012114115598274148,0.09984940462830086,1.0,0.9722222222222222,0.9709618874773139,82.42401504120204
wine,64,sgd,22,0.0001,21.26,0.0011687074002638775,0.07354227822738366,1.0,0.9722222222222222,0.9717813051146384,62.92616801329302
wine,64,sgd,27,0.0001,10.7,0.0010171686223408919,0.12218142207609385,1.0,0.9444444444444444,0.942857142857143,120.11914189302058
wine,64,sgd,24,0.0001,21.36,0.0010963178645055885,0.13436573141492192,1.0,0.9722222222222222,0.9717813051146384,122.56092486052614
wine,64,sgd,29,0.0001,10.75,0.0012232947374618967,0.15303999212132743,1.0,0.9444444444444444,0.942857142857143,125.1047580232841
wine,64,sgd,26,0.0001,21.31,0.0010484565564905356,0.14399153296065526,1.0,0.9722222222222222,0.9709618874773139,137.33667081317458
wine,64,sgd,28,0.0001,21.5,0.0012510293126998455,0.06774997226201768,1.0,0.9722222222222222,0.9747545582047685,54.15538355037142
wine,64,pso,1,0.0001,12.57,0.030201316974157635,0.12958854015765775,0.9905660377358491,0.9722222222222222,0.974320987654321,4.290824147454987
wine,64,pso,3,0.0001,14.25,0.050197291067734136,0.08676456017059547,0.9811320754716981,0.9722222222222222,0.9709618874773139,1.7284709657642479
wine,64,pso,0,0.0001,26.52,0.12357538353993654,0.29382612814463765,0.9528301886792453,0.8611111111111112,0.8584169453734671,2.3777075961870695
wine,64,pso,2,0.0001,20.19,0.10190037530999882,0.28580138954173173,0.9528301886792453,0.9166666666666666,0.9198950455317179,2.8047138067183144
wine,64,pso,6,0.0001,12.65,0.06924630787963046,0.2161051031717466,0.9716981132075472,0.8888888888888888,0.8869047619047619,3.1208176982864995
wine,64,pso,5,0.0001,21.24,0.38292531917869926,0.22128096581286774,0.8584905660377359,0.9166666666666666,0.9153439153439153,0.5778697691953946
wine,64,pso,9,0.0001,12.62,0.04668503490438903,0.059834957046656236,0.9811320754716981,0.9722222222222222,0.9717813051146384,1.281673177908044
wine,64,pso,4,0.0001,26.74,0.18637752135156857,0.11093675255657262,0.9433962264150944,0.9444444444444444,0.9457411645054665,0.5952260323674433
wine,64,pso,11,0.0001,12.38,0.06283569991814728,0.09922936342478908,0.9811320754716981,0.9444444444444444,0.9453132832080201,1.579187683976623
wine,64,pso,7,0.0001,26.72,0.11280476838289324,0.13119914355350745,0.9622641509433962,0.9722222222222222,0.9740129935032483,1.1630638086873968
wine,64,pso,10,0.0001,22.74,0.06197955079840438,0.23577215767664766,0.9905660377358491,0.9444444444444444,0.9505494505494506,3.8040314045437946
wine,64,pso,12,0.0001,12.43,0.027249173307046265,0.051143197333273493,0.9905660377358491,1.0,1.0,1.876871520357227
wine,64,pso,8,0.0001,26.79,0.04048825592588709,0.0071215450405232705,0.9811320754716981,1.0,1.0,0.17589162283401663
wine,64,pso,14,0.0001,12.08,0.012082465536485593,0.018109746293762677,1.0,1.0,1.0,1.4988452678864608
wine,64,pso,17,0.0001,11.82,0.08236459211321878,0.15396296533010925,0.9716981132075472,0.9444444444444444,0.9453132832080201,1.86928583484601
wine,64,pso,13,0.0001,25.58,0.027069621339840935,0.026776811368235953,0.9811320754716981,1.0,1.0,0.9891830784062714
wine,64,pso,19,0.0001,10.89,0.07278437382319825,0.43297177985922614,0.9716981132075472,0.8611111111111112,0.862962962962963,5.948691417074841
wine,64,pso,20,0.0001,10.71,0.06003584489479549,0.15762442539242705,0.9905660377358491,0.9722222222222222,0.9709618874773139,2.6255052405549058
wine,64,pso,15,0.0001,24.31,0.14009398792375563,0.30722856008039556,0.9528301886792453,0.9166666666666666,0.9201956039524096,2.1930174494540107
wine,64,pso,16,0.0001,23.93,0.10240536109374936,0.5142544378079239,0.9716981132075472,0.8888888888888888,0.8877655677655678,5.021753083191981
wine,64,pso,18,0.0001,23.88,0.06470935186451464,0.26310116529095295,0.9622641509433962,0.9166666666666666,0.9259259259259259,4.065890906183416
wine,64,pso,22,0.0001,10.14,0.05318280664953665,0.030894801513926668,0.9716981132075472,1.0,1.0,0.5809170944571771
wine,64,pso,23,0.0001,9.96,0.036800444699461914,0.09511634965232396,0.9811320754716981,0.9722222222222222,0.9751724137931035,2.584652180948094
wine,64,pso,21,0.0001,21.88,0.03550480405439499,0.11350667237054483,1.0,0.9722222222222222,0.9709618874773139,3.1969384254775046
wine,64,pso,27,0.0001,9.81,0.035260237692385996,0.1865217058029975,0.9811320754716981,0.9166666666666666,0.9176911544227887,5.289859570154699
wine,64,pso,28,0.0001,9.8,0.018070788291704946,0.171361052914882,0.9905660377358491,0.9722222222222222,0.9747545582047685,9.482765784685887
wine,64,pso,24,0.0001,21.09,0.023947271768378343,0.05067504988865496,0.9811320754716981,0.9722222222222222,0.9709618874773139,2.116109525076249
wine,64,pso,25,0.0001,20.98,0.030862376030239873,0.12857827126225216,0.9905660377358491,0.9166666666666666,0.9198950455317179,4.166181862869772
wine,64,pso,26,0.0001,21.1,0.028265384905602348,0.12565135555920742,0.9905660377358491,0.9444444444444444,0.9453132832080201,4.445414629195538
wine,64,qso,0,0.0001,9.92,0.0012233351900411242,0.03163196883114931,1.0,1.0,1.0,25.857155985258593
wine,64,qso,1,0.0001,9.91,0.0010169343932510202,0.09656060360471508,1.0,0.9444444444444444,0.9453132832080201,94.9526382877288
wine,64,pso,29,0.0001,21.39,0.033770466303220364,0.2672540718247706,0.9905660377358491,0.9166666666666666,0.9153439153439153,7.913840141416264
wine,64,qso,5,0.0001,10.06,0.0020111765020372516,0.008528397032877905,1.0,1.0,1.0,4.240501529447533
wine,64,qso,6,0.0001,10.1,0.0010892146944076265,0.015338920769828991,1.0,1.0,1.0,14.082550344375514
wine,64,qso,2,0.0001,21.46,0.0013470610754019818,0.08133448738677457,1.0,0.9722222222222222,0.9751724137931035,60.379212844898824
wine,64,qso,3,0.0001,21.5,0.001071712114720926,0.03543602660907628,1.0,0.9722222222222222,0.9709618874773139,33.064874533310494
wine,64,qso,4,0.0001,21.51,0.0022063583678497505,0.07114475921380245,1.0,0.9722222222222222,0.9709618874773139,32.245332512840136
wine,64,qso,8,0.0001,10.55,0.0017006776500515684,0.0008032006021523679,1.0,1.0,1.0,0.4722826822167111
wine,64,qso,9,0.0001,10.51,0.0009870339904058448,0.021589621106682794,1.0,1.0,1.0,21.873229611683037
wine,64,qso,7,0.0001,22.25,0.00138740592393215,0.01177715025185603,1.0,1.0,1.0,8.488611767259531
wine,64,qso,13,0.0001,10.56,0.0018679124147698456,0.08001231028086928,1.0,0.9722222222222222,0.9709618874773139,42.83515096757252
wine,64,qso,14,0.0001,10.57,0.0014578823470661041,0.0033046001419721758,1.0,1.0,1.0,2.2667125016106233
wine,64,qso,10,0.0001,22.59,0.0018863033958346927,0.04582692447461406,1.0,0.9722222222222222,0.9751724137931035,24.294567128388994
wine,64,qso,11,0.0001,22.62,0.0018168963038034628,0.024551801500085072,1.0,1.0,1.0,13.513044992545094
wine,64,qso,12,0.0001,22.54,0.0016044879997832511,0.01757909534087099,1.0,1.0,1.0,10.956202441679673
wine,64,qso,16,0.0001,10.71,0.0016141198255592596,0.36445544143013997,1.0,0.8888888888888888,0.8957360722066605,225.79206057633522
wine,64,qso,17,0.0001,10.62,0.001360478243802267,0.0033656585523308387,1.0,1.0,1.0,2.4738789963479975
wine,64,qso,15,0.0001,22.84,0.0009851870518224255,0.14138612674435644,1.0,0.9444444444444444,0.9453132832080201,143.51196200032936
wine,64,qso,21,0.0001,10.89,0.002999374375143546,0.06491592155530163,1.0,0.9722222222222222,0.9747545582047685,21.643154016808868
wine,64,qso,22,0.0001,10.95,0.0011086506061950521,0.04192618292310779,1.0,1.0,1.0,37.81730933878319
wine,64,qso,18,0.0001,23.43,0.0011308039768436974,0.04308137380629651,1.0,0.9722222222222222,0.9751724137931035,38.09800344578318
wine,64,qso,19,0.0001,23.49,0.0013947518765923758,0.14118837908046178,1.0,0.9444444444444444,0.942857142857143,101.22831268412402
wine,64,qso,20,0.0001,23.33,0.001378555758612496,0.08881230763241771,1.0,0.9722222222222222,0.9709618874773139,64.42416788553152
wine,64,qso,24,0.0001,11.23,0.0011251574354041371,0.10985327037253725,1.0,0.9722222222222222,0.9717813051146384,97.63368833187317
wine,64,qso,25,0.0001,13.91,0.0012636179732366218,0.12227407648757486,1.0,0.9722222222222222,0.9709618874773139,96.76506592762601
wine,64,qso,27,0.0001,12.42,0.0008462132462256578,0.0732297461977774,1.0,0.9722222222222222,0.9751724137931035,86.53817051954938
wine,64,qso,29,0.0001,11.96,0.001347333869878416,0.10958232399544393,1.0,0.9444444444444444,0.942857142857143,81.33271674179221
wine,64,qso,23,0.0001,24.48,0.0011394968693665519,0.11902205524045326,1.0,0.9722222222222222,0.9709618874773139,104.45141047786977
wine,full,sgd,0,0.0001,12.19,0.0014847798914808194,0.022289063677367802,1.0,1.0,1.0,15.011695541713049
wine,full,sgd,1,0.0001,6.44,0.0013265499007203759,0.04654902473115334,1.0,0.9722222222222222,0.9709618874773139,35.090293026952956
wine,full,sgd,2,0.0001,6.4,0.00136814477384924,0.10171415762884746,1.0,0.9444444444444444,0.9407407407407407,74.34458660590231
wine,64,qso,26,0.0001,25.24,0.0010786668601806167,0.1705965379134949,1.0,0.9166666666666666,0.91514687100894,158.15498205342982
wine,full,sgd,5,0.0001,6.46,0.0019978607788769353,0.007563019440928451,1.0,1.0,1.0,3.78555879413173
wine,full,sgd,3,0.0001,12.06,0.0016502296710814335,0.06055709241425532,1.0,0.9722222222222222,0.9709618874773139,36.696160222698495
wine,64,qso,28,0.0001,25.42,0.0012777025493307993,0.05529324004602601,1.0,0.9722222222222222,0.9747545582047685,43.27551829256819
wine,full,sgd,6,0.0001,6.48,0.0014943625652992462,0.01954791556937778,1.0,1.0,1.0,13.081106301310022
wine,full,sgd,4,0.0001,12.34,0.0019230003835228023,0.04879744615793588,1.0,0.9722222222222222,0.9709618874773139,25.375681968686024
wine,full,sgd,8,0.0001,6.44,0.001608101366623996,0.0008485227517148711,1.0,1.0,1.0,0.5276550156139949
wine,full,sgd,11,0.0001,6.4,0.0017573721104392243,0.04528590420228002,1.0,0.9722222222222222,0.9709618874773139,25.769103727816418
wine,full,sgd,7,0.0001,12.46,0.0018570034475866022,0.00670259045682504,1.0,1.0,1.0,3.609358111604939
wine,full,sgd,13,0.0001,6.47,0.0016722513205623094,0.11470573922746702,1.0,0.9722222222222222,0.9709618874773139,68.59360062511189
wine,full,sgd,9,0.0001,12.42,0.001756659649973331,0.08835351519503641,1.0,0.9444444444444444,0.9453132832080201,50.29631960657704
wine,full,sgd,10,0.0001,12.42,0.001540877259556134,0.025728727915786582,1.0,0.9722222222222222,0.9751724137931035,16.697454489787212
wine,full,sgd,14,0.0001,6.54,0.00170381728104431,0.007850801825721527,1.0,1.0,1.0,4.607772155538641
wine,full,sgd,12,0.0001,12.47,0.0018449390384789074,0.0034576036800941664,1.0,1.0,1.0,1.8741018580997932
wine,full,sgd,16,0.0001,6.35,0.001364444893085908,0.2519594741853019,1.0,0.8888888888888888,0.8897028897028897,184.6607916978279
wine,full,sgd,19,0.0001,6.3,0.0013766024676095518,0.15128566204835286,1.0,0.9444444444444444,0.942857142857143,109.8978576662426
wine,full,sgd,15,0.0001,12.46,0.0014301205687504955,0.06254813985378578,1.0,0.9722222222222222,0.9709618874773139,43.73627036805327
wine,full,sgd,21,0.0001,6.33,0.0018283184436399316,0.04041174931028404,1.0,0.9722222222222222,0.9709618874773139,22.103233411478243
wine,full,sgd,17,0.0001,12.2,0.0015859471000652368,0.00665940245935004,1.0,1.0,1.0,4.1990066749868955
wine,full,sgd,18,0.0001,12.2,0.0014475136471247378,0.014295795806101083,1.0,1.0,1.0,9.876104335525591
wine,full,sgd,22,0.0001,6.3,0.0015173032120161716,0.09246856230918116,1.0,0.9722222222222222,0.9717813051146384,60.94270517381309
wine,full,sgd,20,0.0001,12.43,0.0014322584617173317,0.14678226646953352,1.0,0.9722222222222222,0.9709618874773139,102.4830855553376
wine,full,sgd,24,0.0001,6.39,0.0014047483152097205,0.129752149120742,1.0,0.9722222222222222,0.9717813051146384,92.36683021141107
wine,full,sgd,26,0.0001,8.64,0.0013590808464032445,0.13649268982241794,1.0,0.9722222222222222,0.9709618874773139,100.43014746594407
wine,full,sgd,27,0.0001,8.9,0.0013261938913315594,0.12732186057345696,1.0,0.9444444444444444,0.942857142857143,96.0054645144082
wine,full,sgd,23,0.0001,12.41,0.001538227792478829,0.07138202849241776,1.0,0.9722222222222222,0.9709618874773139,46.4053691146659
wine,full,sgd,25,0.0001,12.29,0.0015913482381661034,0.09525769149629909,1.0,0.9722222222222222,0.9709618874773139,59.85973981790162
wine,full,sgd,29,0.0001,6.44,0.0016358602820700334,0.14832945631836947,1.0,0.9444444444444444,0.942857142857143,90.67367057208085
wine,full,pso,0,0.0001,7.24,0.0008219999291264601,0.004488857619199954,1.0,1.0,1.0,5.460897817801841
wine,full,sgd,28,0.0001,12.22,0.0016666016519504324,0.07539493847453964,1.0,0.9722222222222222,0.9747545582047685,45.238727794554
wine,full,pso,4,0.0001,7.28,0.0011802137170064469,0.02703075934017404,1.0,0.9722222222222222,0.9709618874773139,22.903275017626648
wine,full,pso,5,0.0001,7.26,0.0012249332604335609,0.02729203563527818,1.0,1.0,1.0,22.28042662962573
wine,full,pso,1,0.0001,14.82,0.0009821309397437233,0.07730437328254085,1.0,0.9722222222222222,0.9709618874773139,78.71086242605554
wine,full,pso,2,0.0001,14.87,0.0010529226071554587,0.133993198806153,1.0,0.9722222222222222,0.9696394686907022,127.25835488340844
wine,full,pso,7,0.0001,7.38,0.001159989309577983,0.021171322348576604,1.0,1.0,1.0,18.25130815755446
wine,full,pso,3,0.0001,14.87,0.001061688575101017,0.08131850845400485,1.0,0.9722222222222222,0.9709618874773139,76.59356082480929
wine,full,pso,8,0.0001,7.3,0.0013005871807739145,0.000533347913963652,1.0,1.0,1.0,0.4100824011246085
wine,full,pso,6,0.0001,14.9,0.0009483657348384693,0.1254139963049024,1.0,0.9166666666666666,0.9201956039524096,132.24222649320367
wine,full,pso,11,0.0001,7.33,0.0012802035609936061,0.0730113831279219,1.0,0.9722222222222222,0.9709618874773139,57.03107330154235
wine,full,pso,9,0.0001,10.06,0.0011843746011361803,0.11803513278129246,1.0,0.9444444444444444,0.9453132832080201,99.66030398495576
wine,full,pso,10,0.0001,14.93,0.0010383148223123406,0.009650009719205524,1.0,1.0,1.0,9.293915016752653
wine,full,pso,15,0.0001,7.25,0.0008812093719239185,0.13290432332207766,1.0,0.9444444444444444,0.9453132832080201,150.82036977422467
wine,full,pso,12,0.0001,14.68,0.0012811927764415406,0.01034465621771373,1.0,1.0,1.0,8.074238637565207
wine,full,pso,16,0.0001,7.22,0.0008686151226256798,0.26916513817177296,1.0,0.9166666666666666,0.9202683726010298,309.8784849130087
wine,full,pso,13,0.0001,14.68,0.0011470823364871227,0.08068615773952896,1.0,0.9722222222222222,0.9709618874773139,70.34033667245365
wine,full,pso,14,0.0001,14.93,0.0011163828231554387,0.00674536208040111,1.0,1.0,1.0,6.0421586041027115
wine,full,pso,18,0.0001,7.27,0.0009781551599148501,0.012479152282290502,1.0,1.0,1.0,12.757845374323672
wine,full,pso,20,0.0001,7.25,0.0009992740586962695,0.11887265953697665,1.0,0.9722222222222222,0.9709618874773139,118.95901680072346
wine,full,pso,17,0.0001,14.96,0.0010463475773105687,0.011284086158039615,1.0,1.0,1.0,10.784261752718104
wine,full,pso,23,0.0001,7.36,0.0010594839385410983,0.08157157965061682,1.0,0.9722222222222222,0.9751724137931035,76.99180391817953
wine,full,pso,19,0.0001,14.92,0.000924817819886458,0.13568695023678512,1.0,0.9722222222222222,0.9717813051146384,146.71749107672224
wine,full,pso,24,0.0001,7.37,0.0010109481123720026,0.1642687698913928,1.0,0.9722222222222222,0.9717813051146384,162.4898131576373
wine,full,pso,21,0.0001,15.02,0.0012901724950085667,0.16094682774315466,1.0,0.9722222222222222,0.9709618874773139,124.74830177036597
wine,full,pso,22,0.0001,15.07,0.0012809242744393253,0.02451821571116139,1.0,1.0,1.0,19.141034486127825
wine,full,pso,26,0.0001,7.4,0.0008576534984329533,0.12383524828016067,1.0,0.9444444444444444,0.9407407407407407,144.38843717937849
wine,full,pso,28,0.0001,7.42,0.0012064336768247744,0.07414530661572753,1.0,0.9722222222222222,0.9747545582047685,61.458253395968974
wine,full,pso,25,0.0001,14.74,0.000997114748312366,0.1366733076100981,1.0,0.9722222222222222,0.9709618874773139,137.06878555494245
wine,full,qso,1,0.0001,7.43,0.0008961915123816757,0.08267114053195025,1.0,0.9166666666666666,0.9162962962962963,92.24718086455358
wine,full,pso,27,0.0001,14.62,0.0008994028587233081,0.1085234075745401,1.0,0.9444444444444444,0.942857142857143,120.66162178824717
wine,full,qso,2,0.0001,7.37,0.0009495477193607173,0.08823594449875864,1.0,0.9722222222222222,0.9709618874773139,92.92418137570112
wine,full,pso,29,0.0001,14.17,0.0010429112207587026,0.07689180009666924,1.0,0.9444444444444444,0.942857142857143,73.72803990039687
wine,full,qso,0,0.0001,14.61,0.001020724249556389,0.010698163931474962,1.0,1.0,1.0,10.480954024678486
wine,full,qso,4,0.0001,6.94,0.0012161608422610703,0.06333485172793503,1.0,0.9722222222222222,0.9709618874773139,52.0776936134399
wine,full,qso,6,0.0001,6.88,0.0008786884128625199,0.012977131006995095,1.0,1.0,1.0,14.768751717937477
wine,full,qso,3,0.0001,13.84,0.0011804231245491755,0.05924581154090983,1.0,0.9722222222222222,0.9709618874773139,50.190317614742476
wine,full,qso,9,0.0001,6.66,0.0012608473682265242,0.03953791162520074,1.0,0.9722222222222222,0.9709618874773139,31.358206093425693
wine,full,qso,5,0.0001,13.5,0.0011548530915707878,0.02438641161947301,1.0,1.0,1.0,21.116462169489914
wine,full,qso,10,0.0001,6.65,0.0010628967695629982,0.05008448813371116,1.0,0.9722222222222222,0.9751724137931035,47.12074546458825
wine,full,qso,7,0.0001,13.33,0.0012777960527390064,0.008908708410621987,1.0,1.0,1.0,6.971932955596332
wine,full,qso,8,0.0001,13.39,0.0010404765824716536,0.0004709949095606591,1.0,1.0,1.0,0.4526722825820933
wine,full,qso,12,0.0001,6.35,0.001149629132716103,0.003991088317625429,1.0,1.0,1.0,3.471631158298956
wine,full,qso,14,0.0001,6.25,0.0010841094303041935,0.003936969514400293,1.0,1.0,1.0,3.6315240918950473
wine,full,qso,11,0.0001,12.76,0.0012503282865743857,0.03813017571975652,1.0,0.9722222222222222,0.9709618874773139,30.496131399397918
wine,full,qso,17,0.0001,6.11,0.0010114316538885812,0.0031366746488041197,1.0,1.0,1.0,3.1012225460264804
wine,full,qso,13,0.0001,12.48,0.001138510182767454,0.08752878453634122,1.0,0.9722222222222222,0.9709618874773139,76.88010688106368
wine,full,qso,18,0.0001,6.14,0.000942096107786994,0.02337177470224001,1.0,1.0,1.0,24.80827010010779
wine,full,qso,15,0.0001,12.37,0.0009785707871320145,0.12319506592622075,1.0,0.9444444444444444,0.9453132832080201,125.89285062072986
wine,full,qso,16,0.0001,12.6,0.0007825354576713917,0.32679906450880836,1.0,0.8888888888888888,0.8957360722066605,417.6156636803036
wine,full,qso,20,0.0001,6.32,0.001032353481304434,0.0879038334978845,1.0,0.9722222222222222,0.9709618874773139,85.14896795505867
wine,full,qso,21,0.0001,7.68,0.001183191072843395,0.10130974554720354,1.0,0.9722222222222222,0.9709618874773139,85.6241632247446
wine,full,qso,22,0.0001,10.03,0.0010458242176964686,0.030530958374265522,1.0,1.0,1.0,29.19320269855003
wine,full,qso,19,0.0001,12.72,0.0009780391015463592,0.1688206518586607,1.0,0.9444444444444444,0.942857142857143,172.61135223708493
wine,full,qso,25,0.0001,6.39,0.0010473981220461884,0.13664469975968052,1.0,0.9722222222222222,0.9709618874773139,130.4610891346001
wine,full,qso,26,0.0001,6.38,0.000904873181892926,0.17251723356344362,1.0,0.9444444444444444,0.9453132832080201,190.65349378854467
wine,full,qso,23,0.0001,12.68,0.0009945876503990602,0.0801652270857325,1.0,0.9722222222222222,0.9709618874773139,80.6014704220062
wine,full,qso,24,0.0001,12.83,0.000942630247118544,0.11586551858555251,1.0,0.9722222222222222,0.9717813051146384,122.91725089422195
wine,full,qso,29,0.0001,6.34,0.0010960222016036312,0.15484038542694717,1.0,0.9444444444444444,0.942857142857143,141.27486213362684
wine,full,qso,27,0.0001,12.71,0.000926181543588479,0.10868786397365572,1.0,0.9444444444444444,0.9453132832080201,117.35049648316887
wine,full,qso,28,0.0001,12.89,0.0010622267021446143,0.06387703092763883,1.0,0.9722222222222222,0.9747545582047685,60.13502654251902
cancer,8,sgd,0,0.001,172.88,0.018294119752741374,0.09613493947237156,0.9941348973607038,0.9736842105263158,0.9715828832571666,5.254963932220119
cancer,8,sgd,3,0.001,173.98,0.019602189389291282,0.031941317048779984,0.9970674486803519,0.9824561403508771,0.9814935064935065,1.6294770147578308
cancer,8,sgd,6,0.001,166.57,0.01718226474618734,0.1138095902448494,0.9912023460410557,0.9473684210526315,0.9439895185063871,6.623666433151846
cancer,8,sgd,7,0.001,168.02,0.016942169422157337,0.0844838509907178,0.9970674486803519,0.956140350877193,0.9531057178116001,4.986601708765112
cancer,8,sgd,1,0.001,373.63,0.021192863257141804,0.043716663193998466,0.9970674486803519,0.9912280701754386,0.9905276277523889,2.0628011733745484
cancer,8,sgd,2,0.001,375.13,0.022486956527325505,0.05347936505374688,0.9941348973607038,0.9824561403508771,0.981329839502129,2.378239357947808
cancer,8,sgd,4,0.001,375.63,0.02443253586718194,0.08443779294418156,0.9912023460410557,0.9736842105263158,0.9715828832571666,3.45595698306533
cancer,8,sgd,5,0.001,376.85,0.018646092374968875,0.08816185260141228,0.9970674486803519,0.9649122807017544,0.9623015873015872,4.728167748421306
cancer,8,sgd,8,0.001,167.38,0.017723643673666408,0.24061547490006374,0.9970674486803519,0.9473684210526315,0.9434523809523809,13.575959849473138
cancer,8,sgd,9,0.001,169.34,0.02134255686762455,0.0691029221047054,0.9941348973607038,0.9649122807017544,0.9623015873015872,3.237799600737183
cancer,8,sgd,14,0.001,170.53,0.019860308217466333,0.054835911907770984,0.9941348973607038,0.9824561403508771,0.9809555629802873,2.761080608987983
cancer,8,sgd,15,0.001,170.67,0.01614819349254038,0.137625144418193,0.9970674486803519,0.9736842105263158,0.9718634306869601,8.522634094133725
cancer,8,sgd,10,0.001,366.38,0.01873944960848599,0.12960989049279317,0.9970674486803519,0.9649122807017544,0.9623015873015872,6.916419275948239
cancer,8,sgd,11,0.001,366.74,0.011390733641440503,0.15396084914700706,0.9970674486803519,0.956140350877193,0.9526381387619444,13.516324232785479
cancer,8,sgd,12,0.001,366.3,0.017227013178196846,0.08673413436336688,0.9970674486803519,0.9736842105263158,0.9712773998488284,5.034774947124372
cancer,8,sgd,13,0.001,366.66,0.017911930534068175,0.06762509474247003,0.9970674486803519,0.9736842105263158,0.9718634306869601,3.775421896252238
cancer,8,sgd,16,0.001,174.31,0.018722472247345735,0.12095138034273617,0.9970674486803519,0.9736842105263158,0.9718634306869601,6.460224843430243
cancer,8,sgd,17,0.001,175.03,0.01866882297000573,0.1891929181302466,0.9941348973607038,0.9736842105263158,0.9715828832571666,10.134164239181734
cancer,8,sgd,23,0.001,176.29,0.019365505318598306,0.17371189261789405,0.9941348973607038,0.956140350877193,0.9521289997480473,8.970170917825937
cancer,8,sgd,19,0.001,294.21,0.020653719120096028,0.13776182987310778,0.9970674486803519,0.9649122807017544,0.9614864864864865,6.670073756307928
cancer,8,sgd,22,0.001,238.2,0.014482943186135635,0.2235476052786199,1.0,0.956140350877193,0.9531057178116001,15.435233184689947
cancer,8,sgd,18,0.001,373.6,0.019587731120741223,0.12093388917185013,0.9970674486803519,0.9649122807017544,0.9626596790042581,6.1739610589097085
cancer,8,sgd,20,0.001,372.51,0.014869108276519853,0.11741996990029523,0.9970674486803519,0.9824561403508771,0.9811507936507937,7.896907313918466
cancer,8,sgd,21,0.001,371.17,0.0141031976857129,0.17189028208863025,0.9970674486803519,0.956140350877193,0.9526381387619444,12.188036069490959
cancer,8,sgd,24,0.001,167.6,0.022860445784589362,0.06195970131275506,0.9941348973607038,0.9736842105263158,0.9715828832571666,2.7103452792037506
cancer,8,sgd,25,0.001,167.89,0.022712902746138738,0.08953429793920638,0.9941348973607038,0.9736842105263158,0.9718634306869601,3.942001554795874
cancer,8,pso,1,0.001,226.88,4.491103970235777,4.469924399985104,0.6275659824046921,0.631578947368421,0.3870967741935484,0.9952841060035489
cancer,8,pso,0,0.001,232.69,1.8437557279741332,1.8587570397811781,0.6275659824046921,0.631578947368421,0.3870967741935484,1.008136279431944
cancer,8,sgd,26,0.001,380.16,0.01866986990807564,0.09115160285403587,0.9970674486803519,0.9649122807017544,0.9629870129870131,4.882283770740593
cancer,8,sgd,27,0.001,386.19,0.02181721223570915,0.06187554700432064,0.9941348973607038,0.9824561403508771,0.9811507936507937,2.836088604530616
cancer,8,sgd,28,0.001,385.94,0.020548080970036606,0.06688544502807035,0.9912023460410557,0.9649122807017544,0.9626596790042581,3.2550701511057554
cancer,8,sgd,29,0.001,384.08,0.01738867030519521,0.05480411049801848,0.9941348973607038,0.9736842105263158,0.9718634306869601,3.1517137041608443
cancer,8,pso,2,0.001,236.86,0.5031447123439029,0.3920033290361348,0.8328445747800587,0.8596491228070176,0.8350813743218807,0.7791065262516319
cancer,8,pso,6,0.001,248.27,4.769656834127473,4.852390735841155,0.6275659824046921,0.6228070175438597,0.3837837837837838,1.0173458813895604
cancer,8,pso,3,0.001,435.18,5.689042196712138,5.801444414965124,0.6275659824046921,0.6228070175438597,0.3837837837837838,1.0197576699849311
cancer,8,pso,8,0.001,240.64,3.2560784728895515,3.185064824387023,0.6275659824046921,0.631578947368421,0.3870967741935484,0.9781904370260743
cancer,8,pso,9,0.001,242.02,5.830716449289697,5.76589539251457,0.6275659824046921,0.631578947368421,0.3870967741935484,0.9888828315801528
cancer,8,pso,4,0.001,534.05,4.200597870969929,4.170975621493094,0.6275659824046921,0.631578947368421,0.3870967741935484,0.9929480872992978
cancer,8,pso,5,0.001,533.03,4.50702950911021,4.583061784826228,0.6275659824046921,0.6228070175438597,0.3837837837837838,1.0168697088763965
cancer,8,pso,7,0.001,530.96,2.48801141718449,2.5079827665766463,0.6275659824046921,0.631578947368421,0.3870967741935484,1.008027032856126
cancer,8,pso,11,0.001,241.26,3.7265892385121853,3.7829002551836814,0.6275659824046921,0.6228070175438597,0.3837837837837838,1.0151106046487641
cancer,8,pso,12,0.001,241.93,2.651756506606934,2.5856858482578495,0.6275659824046921,0.631578947368421,0.3870967741935484,0.9750841911071143
cancer,8,pso,16,0.001,237.62,2.4109448449503272,2.4347226055575515,0.6275659824046921,0.6228070175438597,0.3837837837837838,1.0098624241268008
cancer,8,pso,10,0.001,539.4,0.2466733845519698,0.25640933871509947,0.906158357771261,0.9210526315789473,0.9170641015277665,1.039469009519665
cancer,8,pso,17,0.001,238.79,2.3259440286761386,2.425233473539221,0.6275659824046921,0.6228070175438597,0.3837837837837838,1.0426878048822161
cancer,8,pso,13,0.001,524.85,2.6347707431002982,2.6195221401889257,0.6275659824046921,0.631578947368421,0.3870967741935484,0.9942125503893254
cancer,8,pso,15,0.001,524.28,4.856500565206787,4.932144505234454,0.6275659824046921,0.6228070175438597,0.3837837837837838,1.015575812050677
cancer,8,pso,14,0.001,532.5,2.1636897943044815,2.159516407120671,0.6275659824046921,0.631578947368421,0.3870967741935484,0.998071171202639
cancer,8,pso,18,0.001,237.5,2.68900939059266,2.6469462919879323,0.6275659824046921,0.6228070175438597,0.3837837837837838,0.9843573998841793
cancer,8,pso,20,0.001,240.55,0.38134078952139794,0.4256316789530342,0.8680351906158358,0.8859649122807017,0.8690234202386213,1.116145166341171
cancer,8,pso,24,0.001,242.4,0.42057925550937636,0.33515450519940965,0.8563049853372434,0.8947368421052632,0.8782051282051282,0.7968878655070465
cancer,8,pso,19,0.001,541.9,4.815278711191001,4.763454705889082,0.6275659824046921,0.631578947368421,0.3870967741935484,0.9892375896785627
cancer,8,pso,25,0.001,269.18,2.720551625237319,2.7550278526009877,0.6275659824046921,0.6228070175438597,0.3837837837837838,1.012672513560797
cancer,8,pso,21,0.001,468.49,0.8461578051659893,0.9133853798023148,0.718475073313783,0.7192982456140351,0.611749680715198,1.0794503982896402
cancer,8,pso,22,0.001,527.83,0.09819482208717203,0.1803900968095195,0.9736070381231672,0.9210526315789473,0.9163609684519443,1.8370632277268037
cancer,8,pso,23,0.001,537.46,2.637199407554781,2.656170973189069,0.6275659824046921,0.6228070175438597,0.3837837837837838,1.0071938305385404
cancer,8,pso,26,0.001,240.99,1.903244418901305,1.9576424116483973,0.6275659824046921,0.6228070175438597,0.3837837837837838,1.0285817166764608
cancer,8,pso,29,0.001,241.23,5.034932480245828,4.98592952997963,0.6275659824046921,0.631578947368421,0.3870967741935484,0.9902674066715973
cancer,8,qso,2,0.001,231.8,0.21493958520439857,0.11828627302215605,0.9354838709677419,0.956140350877193,0.9526381387619444,0.5503233520697025
cancer,8,qso,3,0.001,230.08,0.17841759923579043,0.08659254490704077,0.9501466275659824,0.9649122807017544,0.9626596790042581,0.48533634169465034
cancer,8,pso,27,0.001,521.77,0.2503697611284527,0.1625050516921456,0.9208211143695014,0.9210526315789473,0.9117571170551303,0.6490602178142912
cancer,8,pso,28,0.001,525.49,3.1347898242208343,3.1691094706993486,0.6275659824046921,0.6228070175438597,0.3837837837837838,1.0109479896270381
cancer,8,qso,4,0.001,232.24,0.1281595587881698,0.16706978108432274,0.967741935483871,0.9385964912280702,0.9313666465984347,1.3036076486535524
cancer,8,qso,0,0.001,500.86,0.16495682724595287,0.1782293333993052,0.9413489736070382,0.9210526315789473,0.9147486497714998,1.0804604839638607
cancer,8,qso,1,0.001,501.76,0.09742137290355493,0.13458909666277252,0.9736070381231672,0.9473684210526315,0.942866688940862,1.3815150890555898
cancer,8,qso,5,0.001,230.36,0.1545025236964348,0.16916650705952083,0.9413489736070382,0.9385964912280702,0.9343480049362403,1.094910963343859
cancer,8,qso,8,0.001,231.84,0.08883921542852131,0.17855870408231453,0.9736070381231672,0.9473684210526315,0.9415384615384615,2.0099086109779996
cancer,8,qso,11,0.001,233.51,0.14644599144781828,0.3620843472799341,0.9618768328445748,0.9210526315789473,0.9147486497714998,2.4724770114923373
cancer,8,qso,6,0.001,505.75,0.13911843942838767,0.27680046523810287,0.9589442815249267,0.9122807017543859,0.9057539682539683,1.9896748869195597
cancer,8,qso,7,0.001,501.7,0.2144932332649119,0.2989548155502461,0.9296187683284457,0.8771929824561403,0.85995085995086,1.393772712545291
cancer,8,qso,12,0.001,232.28,0.12239260732860026,0.1359484957457624,0.9618768328445748,0.9649122807017544,0.9614864864864865,1.1107574118489627
cancer,8,qso,9,0.001,505.83,0.23439760429095027,0.20131115244713063,0.9120234604105572,0.9210526315789473,0.9147486497714998,0.8588447525139784
cancer,8,qso,10,0.001,507.04,0.10969560148970202,0.3331098962500565,0.9589442815249267,0.9473684210526315,0.9439895185063871,3.0366750510167733
cancer,8,qso,13,0.001,233.22,0.09850043163925838,0.20814046986828896,0.9648093841642229,0.9210526315789473,0.9163609684519443,2.1130919571050124
cancer,8,qso,16,0.001,232.35,0.12445532565676505,0.20397588758454735,0.9530791788856305,0.9298245614035088,0.922972972972973,1.6389486468991437
cancer,8,qso,19,0.001,228.03,0.1466644851030846,0.16582531333959527,0.9354838709677419,0.9385964912280702,0.9313666465984347,1.1306439539404736
cancer,8,qso,14,0.001,504.5,0.11792254291567222,0.0781822628898149,0.9618768328445748,0.9649122807017544,0.9614864864864865,0.6629967515687305
cancer,8,qso,20,0.001,231.45,0.16404922031757815,0.22516829113730913,0.967741935483871,0.9122807017543859,0.9047778149014367,1.3725654453060632
cancer,8,qso,15,0.001,507.95,0.15119530518242452,0.3643937836794523,0.9560117302052786,0.9122807017543859,0.9088874680306905,2.4100866309294022
cancer,8,qso,17,0.001,511.29,0.1426308677777383,0.21017513664569448,0.9384164222873901,0.9385964912280702,0.9354943011882628,1.473559965807755
cancer,8,qso,21,0.001,226.67,0.08699046983136784,0.25138157573446956,0.9736070381231672,0.9298245614035088,0.9238222519211494,2.889759949817216
cancer,8,qso,18,0.001,512.07,0.16481684784100148,0.14651702287511784,0.9472140762463344,0.9210526315789473,0.9170641015277665,0.8889687237342541
cancer,8,qso,23,0.001,228.15,0.14651878928819426,0.22701626865921803,0.9530791788856305,0.9035087719298246,0.8968325791855204,1.5494003858623875
cancer,8,qso,26,0.001,227.76,0.17334837823314317,0.27220446890038824,0.9501466275659824,0.8596491228070176,0.856828885400314,1.5702741016376258
cancer,8,qso,28,0.001,228.07,0.21915830836392797,0.16520671099332437,0.9472140762463344,0.9385964912280702,0.9343480049362403,0.7538236274345889
cancer,8,qso,22,0.001,501.98,0.06542739733827586,0.16567020261129142,0.9765395894428153,0.9473684210526315,0.9434523809523809,2.532122770446384
cancer,8,qso,24,0.001,503.4,0.25013117470253265,0.2652096760720672,0.906158357771261,0.9035087719298246,0.9007518796992481,1.0602823753875004
cancer,16,sgd,0,0.001,89.28,0.018294275513172184,0.09721809020441405,0.9941348973607038,0.9736842105263158,0.9715828832571666,5.314126275971705
cancer,8,qso,29,0.001,228.96,0.11116132096461104,0.1562253424046346,0.9589442815249267,0.956140350877193,0.9526381387619444,1.4053930004517488
cancer,8,qso,25,0.001,504.16,0.17815903831432447,0.1051921288334042,0.9648093841642229,0.9736842105263158,0.9721203228173148,0.5904394737909093
cancer,8,qso,27,0.001,505.3,0.1532488788663874,0.2465197757651622,0.9560117302052786,0.9385964912280702,0.9349474199070678,1.6086236818743358
cancer,16,sgd,2,0.001,142.83,0.022743994588784556,0.05500710435734317,0.9970674486803519,0.9824561403508771,0.981329839502129,2.418533127178464
cancer,16,sgd,4,0.001,97.63,0.02471510434307771,0.08061466236390172,0.9882697947214076,0.9736842105263158,0.9715828832571666,3.2617569096559587
cancer,16,sgd,3,0.001,137.41,0.019687226966104063,0.03160137417133738,0.9970674486803519,0.9824561403508771,0.9814935064935065,1.6051714253991267
cancer,16,sgd,1,0.001,199.21,0.021381395770794308,0.04408607502212297,0.9970674486803519,0.9912280701754386,0.9905276277523889,2.061889480683103
cancer,16,sgd,7,0.001,83.23,0.01706235936060251,0.08487138459289535,0.9970674486803519,0.956140350877193,0.9531057178116001,4.974188082620384
cancer,16,sgd,8,0.001,83.92,0.017822477522716217,0.23906843839432507,0.9970674486803519,0.9473684210526315,0.9434523809523809,13.413872346850354
cancer,16,sgd,5,0.001,193.98,0.01877642051724134,0.08779602265189296,0.9970674486803519,0.9649122807017544,0.9623015873015872,4.67586580580014
cancer,16,sgd,6,0.001,194.39,0.017277420903111667,0.11465756291538674,0.9912023460410557,0.9473684210526315,0.9439895185063871,6.636266116242899
cancer,16,sgd,11,0.001,98.73,0.011414242900656572,0.1540114786801988,0.9970674486803519,0.956140350877193,0.9526381387619444,13.492921082951522
cancer,16,sgd,12,0.001,99.23,0.017335528547645643,0.08647751629399475,0.9970674486803519,0.9736842105263158,0.9712773998488284,4.988455705651925
cancer,16,sgd,9,0.001,200.11,0.021451739221907795,0.067529924773798,0.9941348973607038,0.9649122807017544,0.9623015873015872,3.1479929937257682
cancer,16,sgd,10,0.001,200.63,0.0199915401592859,0.12436054747010553,0.9941348973607038,0.9649122807017544,0.9623015873015872,6.220658662576386
cancer,16,sgd,15,0.001,87.44,0.016634309481306783,0.1381514974870436,0.9970674486803519,0.9736842105263158,0.9718634306869601,8.305213849862225
cancer,16,sgd,16,0.001,86.41,0.018986133585412443,0.12157075242092787,0.9970674486803519,0.9649122807017544,0.9626596790042581,6.403133733048942
cancer,16,sgd,13,0.001,197.03,0.018014917851609434,0.0673533623834269,0.9970674486803519,0.9736842105263158,0.9718634306869601,3.738754899590598
cancer,16,sgd,14,0.001,198.28,0.01995208575152356,0.05472579185253615,0.9941348973607038,0.9824561403508771,0.9809555629802873,2.742860698078006
cancer,16,sgd,19,0.001,94.98,0.020803419978032194,0.13731132212172922,0.9970674486803519,0.9649122807017544,0.9614864864864865,6.600420616741189
cancer,16,sgd,20,0.001,95.37,0.014977445888872898,0.1176680317351597,0.9970674486803519,0.9824561403508771,0.9811507936507937,7.856348312536926
cancer,16,sgd,17,0.001,198.06,0.018762462814125205,0.18750841280225267,0.9941348973607038,0.9736842105263158,0.9715828832571666,9.993805965658629
cancer,16,sgd,18,0.001,199.74,0.01971771525432674,0.11910231843204232,0.9970674486803519,0.9649122807017544,0.9626596790042581,6.040371153341774
cancer,16,sgd,23,0.001,92.03,0.019502098372242933,0.17039137403794305,0.9941348973607038,0.956140350877193,0.9521289997480473,8.737078994558798
cancer,16,sgd,22,0.001,124.13,0.014577717892495784,0.2221936529145923,0.9970674486803519,0.956140350877193,0.9531057178116001,15.2420052681203
cancer,16,sgd,24,0.001,137.92,0.0230090783104183,0.06164601114884651,0.9941348973607038,0.9736842105263158,0.9715828832571666,2.6792038480278353
cancer,16,sgd,21,0.001,195.0,0.014192852623289363,0.1722075222962895,0.9970674486803519,0.956140350877193,0.9526381387619444,12.133397483019756
cancer,16,sgd,27,0.001,89.25,0.021955306549924232,0.061748180412695954,0.9941348973607038,0.9824561403508771,0.9811507936507937,2.8124490210276316
cancer,16,sgd,28,0.001,92.97,0.02071884328730899,0.06684134264919464,0.9912023460410557,0.9649122807017544,0.9626596790042581,3.226113626243666
cancer,16,sgd,25,0.001,194.31,0.022950318804142562,0.0899336856558635,0.9941348973607038,0.9736842105263158,0.9718634306869601,3.918624678957852
cancer,16,sgd,26,0.001,195.28,0.018756969928349788,0.09093414187192747,0.9970674486803519,0.9649122807017544,0.9629870129870131,4.848018748192754
cancer,16,pso,1,0.001,126.66,1.2005989615914265,1.2231713688023407,0.6275659824046921,0.631578947368421,0.3870967741935484,1.0188009551340889
cancer,16,pso,2,0.001,123.59,0.14617622352967555,0.14079762757340783,0.9384164222873901,0.9385964912280702,0.9343480049362403,0.963204713965156
cancer,16,sgd,29,0.001,198.87,0.01759521280298157,0.054425458700834484,0.9941348973607038,0.9736842105263158,0.9718634306869601,3.093196957050267
cancer,16,pso,5,0.001,127.06,0.5770959548054516,0.5871641435794074,0.8005865102639296,0.7982456140350878,0.7477633477633477,1.0174462993374298
cancer,16,pso,0,0.001,273.48,0.9365690011692342,0.9975405302576742,0.6539589442815249,0.6578947368421053,0.4601092896174863,1.0651009471937698
cancer,16,pso,6,0.001,149.51,0.27062813523859397,0.278971214269879,0.9178885630498533,0.9122807017543859,0.9013157894736843,1.0308285722913824
cancer,16,pso,4,0.001,271.37,0.18861411004483336,0.2288652114623196,0.9384164222873901,0.9298245614035088,0.9210526315789473,1.2134045083261193
cancer,16,pso,3,0.001,276.62,0.2729884541518886,0.16643874934163433,0.906158357771261,0.9210526315789473,0.9155902920608803,0.6096915338735504
cancer,16,pso,8,0.001,128.17,0.18377715447619242,0.38849234571351177,0.9325513196480938,0.9035087719298246,0.8921475875118259,2.1139316626204447
cancer,16,pso,9,0.001,127.23,0.6156941894695541,0.6281648956940064,0.7712609970674487,0.8070175438596491,0.7563155849203265,1.0202547083239428
cancer,16,pso,7,0.001,267.65,0.23448521198348055,0.303836957720029,0.9237536656891495,0.9122807017543859,0.9025641025641026,1.2957617034776345
cancer,16,pso,13,0.001,128.54,0.258762416413995,0.32894246759912205,0.9120234604105572,0.9035087719298246,0.8934669951575906,1.2712142364324104
cancer,16,pso,14,0.001,130.55,0.2574103974367783,0.21676865335472223,0.8973607038123167,0.9298245614035088,0.9210526315789473,0.842113044046568
cancer,16,pso,10,0.001,280.52,0.32351292234725265,0.24036296642238855,0.8709677419354839,0.9298245614035088,0.9220512820512821,0.7429779456054849
cancer,16,pso,11,0.001,268.79,0.1199300704170393,0.2787078576615015,0.9442815249266863,0.9122807017543859,0.9047778149014367,2.3239197366626705
cancer,16,pso,12,0.001,274.49,0.14801246872544413,0.10147684255736263,0.9472140762463344,0.9473684210526315,0.9422297297297297,0.6855965813636768
cancer,16,pso,16,0.001,124.5,1.5056220286389663,1.5653764551286566,0.6275659824046921,0.6228070175438597,0.3837837837837838,1.039687534688707
cancer,16,pso,17,0.001,126.28,2.114325722048539,2.221504472522935,0.6275659824046921,0.6228070175438597,0.3837837837837838,1.050691693033253
cancer,16,pso,15,0.001,276.75,0.33455297348282603,0.25900623035967085,0.8826979472140762,0.9122807017543859,0.9025641025641026,0.7741860060704757
cancer,16,pso,21,0.001,131.89,0.3895138252729515,0.5042845225345142,0.8592375366568915,0.8596491228070176,0.8350813743218807,1.2946511518073518
cancer,16,pso,22,0.001,132.42,0.4055489483162788,0.3769040123975579,0.844574780058651,0.868421052631579,0.8441345365053323,0.9293675004271461
cancer,16,pso,18,0.001,273.79,1.717979404116819,1.6720360528021105,0.6275659824046921,0.6228070175438597,0.3837837837837838,0.9732573328850079
cancer,16,pso,19,0.001,271.08,0.43174378119292145,0.4477582869404183,0.8240469208211144,0.8070175438596491,0.7563155849203265,1.0370926147523152
cancer,16,pso,20,0.001,274.05,0.21095125612628146,0.22685955795972942,0.9032258064516129,0.8947368421052632,0.8913940933629724,1.075412216668313
cancer,16,pso,24,0.001,122.73,1.0695615736777433,0.892770359631541,0.7331378299120235,0.7807017543859649,0.7141710961789189,0.8347068383933275
cancer,16,pso,25,0.001,120.72,0.42850937662667493,0.3900419483772702,0.8709677419354839,0.8771929824561403,0.857905982905983,0.9102296697630534
cancer,16,pso,23,0.001,279.37,1.190566135525404,1.368716860786586,0.6275659824046921,0.6228070175438597,0.3837837837837838,1.1496353036973985
cancer,16,pso,26,0.001,150.02,2.562622272816083,2.617241680761316,0.6275659824046921,0.6228070175438597,0.3837837837837838,1.021313873887942
cancer,16,qso,0,0.001,131.15,0.1662403461195464,0.2685890998511219,0.9296187683284457,0.9210526315789473,0.9138321995464853,1.6156673522441698
cancer,16,qso,2,0.001,117.71,0.12194842284141937,0.09072695421639129,0.9501466275659824,0.9649122807017544,0.9629870129870131,0.7439780860009302
cancer,16,qso,3,0.001,114.15,0.090626453462671,0.0693701106404772,0.9794721407624634,0.9649122807017544,0.9629870129870131,0.7654510133627895
cancer,16,pso,27,0.001,267.93,0.16886802500478193,0.09216260500033788,0.9296187683284457,0.956140350877193,0.9531057178116001,0.5457670568346379
cancer,16,pso,28,0.001,273.31,0.3670906530643884,0.3244311918743609,0.8885630498533724,0.8947368421052632,0.8844594594594595,0.8837903911910694
cancer,16,pso,29,0.001,273.59,0.8648200972091172,0.8736833298203762,0.6451612903225806,0.6578947368421053,0.4601092896174863,1.010248643203207
cancer,16,qso,1,0.001,204.37,0.10851680615230394,0.1628975500442758,0.9618768328445748,0.9473684210526315,0.9434523809523809,1.5011273904951477
cancer,16,qso,5,0.001,132.35,0.11198612784397502,0.1462717244382054,0.9589442815249267,0.9385964912280702,0.933693394266722,1.3061593186077376
cancer,16,qso,9,0.001,124.44,0.1550588333620019,0.2817584999349463,0.9501466275659824,0.9210526315789473,0.912836632401665,1.8171070543085415
cancer,16,qso,4,0.001,239.48,0.18340744757970573,0.1383123088896861,0.9413489736070382,0.9385964912280702,0.9322062696457395,0.7541259131779692
cancer,16,qso,10,0.001,112.31,0.06679316678886288,0.15762665595512024,0.9794721407624634,0.9649122807017544,0.9623015873015872,2.359921883227776
cancer,16,qso,6,0.001,269.24,0.14239978154749616,0.3007840393450983,0.9706744868035191,0.9385964912280702,0.9322062696457395,2.112250707665408
cancer,16,qso,7,0.001,259.15,0.11070420654601222,0.19908517143256943,0.967741935483871,0.9298245614035088,0.9259740259740259,1.798352362968459
cancer,16,qso,8,0.001,259.21,0.10948030913859594,0.3725910800819971,0.9560117302052786,0.8771929824561403,0.8666889408620113,3.403270259406353
cancer,16,qso,11,0.001,184.23,0.04432976562225845,0.17953202259220144,0.9882697947214076,0.956140350877193,0.9531057178116001,4.049920410633899
cancer,16,qso,13,0.001,130.11,0.16065556142351603,0.26272075519874,0.9413489736070382,0.9210526315789473,0.9147486497714998,1.6353044542676138
cancer,16,qso,12,0.001,167.96,0.07767960830683164,0.0782002530605985,0.9765395894428153,0.9649122807017544,0.9619111259605746,1.0067024636853257
cancer,16,qso,14,0.001,147.4,0.1195538641311952,0.18947726766388814,0.967741935483871,0.9385964912280702,0.9329805996472662,1.5848694564649193
cancer,16,qso,18,0.001,109.99,0.09194680700163116,0.12351168221965518,0.9736070381231672,0.9385964912280702,0.9343480049362403,1.3432949576755184
cancer,16,qso,15,0.001,263.16,0.08749674441294993,0.13744545144003836,0.9736070381231672,0.9649122807017544,0.9626596790042581,1.5708636059800163
cancer,16,qso,20,0.001,121.58,0.23897673438226066,0.3608041902737327,0.9325513196480938,0.9385964912280702,0.9322062696457395,1.509787934822978
cancer,16,qso,16,0.001,263.14,0.1490942271544107,0.13640333214776104,0.9648093841642229,0.9385964912280702,0.933693394266722,0.9148800376187186
cancer,16,qso,21,0.001,130.61,0.046666761235804766,0.1413235475305016,0.9882697947214076,0.9473684210526315,0.942866688940862,3.0283555958897797
cancer,16,qso,17,0.001,263.21,0.09452296149881333,0.13500928523473119,0.967741935483871,0.9649122807017544,0.9626596790042581,1.4283226328708092
cancer,16,qso,19,0.001,260.88,0.20341961364305247,0.24564098926446257,0.9296187683284457,0.9122807017543859,0.9074675324675325,1.2075580366379883
cancer,16,qso,23,0.001,118.72,0.0969455801658409,0.2694366599989728,0.9648093841642229,0.9385964912280702,0.9329805996472662,2.7792567700152846
cancer,16,qso,24,0.001,203.93,0.13286914247314754,0.13627186879366507,0.9560117302052786,0.9473684210526315,0.942866688940862,1.0256096054898918
cancer,16,qso,25,0.001,146.0,0.25503210660149733,0.23794283741811975,0.9032258064516129,0.9122807017543859,0.9100378787878788,0.9329916950022275
cancer,16,qso,28,0.001,122.81,0.1354871616825088,0.07279464184834956,0.9706744868035191,0.9824561403508771,0.9811507936507937,0.5372807352694529
cancer,16,qso,22,0.001,261.41,0.058429964385464356,0.13028742064805385,0.9765395894428153,0.9210526315789473,0.9170641015277665,2.22980489579873
cancer,32,sgd,1,0.001,54.66,0.02147421235165049,0.043105989345714746,0.9970674486803519,0.9912280701754386,0.9905276277523889,2.0073373886703534
cancer,32,sgd,0,0.001,107.6,0.018300403015908368,0.09042646613753184,0.9941348973607038,0.9736842105263158,0.9715828832571666,4.941228128086849
cancer,16,qso,29,0.001,121.47,0.0855559155790438,0.16682283921893826,0.9736070381231672,0.956140350877193,0.9526381387619444,1.9498691363405865
cancer,16,qso,26,0.001,258.05,0.09886008525127894,0.31710080196157403,0.967741935483871,0.8859649122807017,0.8819593787335722,3.207571601375609
cancer,32,sgd,3,0.001,45.06,0.01978253564431189,0.03162436581292666,0.9970674486803519,0.9824561403508771,0.9814935064935065,1.5986002189774733
cancer,16,qso,27,0.001,258.76,0.11773376801805273,0.15769729217505923,0.9530791788856305,0.9473684210526315,0.9444805194805195,1.3394397786612817
cancer,32,sgd,2,0.001,100.92,0.02275340239168404,0.0548446008236699,0.9941348973607038,0.9824561403508771,0.981329839502129,2.4103911968662155
cancer,32,sgd,5,0.001,46.55,0.018892271567238418,0.08774164502742118,0.9970674486803519,0.9649122807017544,0.9623015873015872,4.644314195629935
cancer,32,sgd,7,0.001,47.62,0.01710783003484681,0.0849056607596324,0.9970674486803519,0.956140350877193,0.9531057178116001,4.962970790958801
cancer,32,sgd,10,0.001,51.49,0.02040620050231449,0.12443462591267426,0.9912023460410557,0.9649122807017544,0.9623015873015872,6.097883135989023
cancer,32,sgd,4,0.001,103.28,0.024862563113563725,0.07956275816394678,0.9912023460410557,0.9736842105263158,0.9715828832571666,3.2001028132349503
cancer,32,sgd,6,0.001,104.53,0.017388654303758855,0.1156237902297043,0.9912023460410557,0.9473684210526315,0.9439895185063871,6.649381154510055
cancer,32,sgd,11,0.001,53.76,0.011454002405021504,0.15344952427759184,0.9970674486803519,0.956140350877193,0.9526381387619444,13.397022180676219
cancer,32,sgd,8,0.001,110.77,0.018010147809433125,0.23931575572200797,0.9970674486803519,0.9473684210526315,0.9434523809523809,13.28782852057784
cancer,32,sgd,9,0.001,110.69,0.02163096726998854,0.0673033349436563,0.9941348973607038,0.9649122807017544,0.9623015873015872,3.1114343664619653
cancer,32,sgd,12,0.001,55.49,0.01746560663484465,0.0868031694208247,0.9970674486803519,0.9736842105263158,0.9712773998488284,4.969948724692366
cancer,32,sgd,15,0.001,55.31,0.01707478556821792,0.14274732682475436,0.9970674486803519,0.9736842105263158,0.9718634306869601,8.360124128905987
cancer,32,sgd,18,0.001,48.9,0.019663276888121174,0.11689589834054796,0.9970674486803519,0.9649122807017544,0.9626596790042581,5.944883907481677
cancer,32,sgd,13,0.001,108.24,0.018080385883571946,0.06691898505632866,0.9941348973607038,0.9736842105263158,0.9718634306869601,3.7011923023795665
cancer,32,sgd,14,0.001,99.58,0.020017891295182163,0.055228158313315755,0.9941348973607038,0.9824561403508771,0.9809555629802873,2.758939865289801
cancer,32,sgd,19,0.001,45.91,0.020889091530592735,0.1375698480780902,0.9970674486803519,0.9649122807017544,0.9614864864864865,6.585726711791884
cancer,32,sgd,16,0.001,101.72,0.019048470485235478,0.11797522092869155,0.9970674486803519,0.9649122807017544,0.9626596790042581,6.193422249840713
cancer,32,sgd,17,0.001,101.8,0.019042415781599844,0.18032935286822405,0.9941348973607038,0.9736842105263158,0.9715828832571666,9.469877926017732
cancer,32,sgd,22,0.001,47.38,0.014840372963441721,0.22470950673909437,1.0,0.9473684210526315,0.9439895185063871,15.14176950219859
cancer,32,sgd,23,0.001,47.87,0.01952190307982939,0.17055404217946268,0.9941348973607038,0.956140350877193,0.9521289997480473,8.73654794217702
cancer,32,sgd,20,0.001,101.38,0.015046648800465223,0.11734313222809929,0.9970674486803519,0.9824561403508771,0.9811507936507937,7.79862238988865
cancer,32,sgd,26,0.001,52.74,0.01877119733328962,0.09042020713224233,0.9970674486803519,0.9649122807017544,0.9629870129870131,4.816965349987951
cancer,32,sgd,21,0.001,105.97,0.014797286446686536,0.1688677067382088,0.9970674486803519,0.956140350877193,0.9526381387619444,11.412072567941827
cancer,32,sgd,27,0.001,55.31,0.02221900122941733,0.060127161199032594,0.9941348973607038,0.9824561403508771,0.9811507936507937,2.706114490845157
cancer,32,sgd,24,0.001,92.89,0.023165940973983994,0.06107613614718189,0.9941348973607038,0.9736842105263158,0.9715828832571666,2.6364625644074686
cancer,32,sgd,25,0.001,102.54,0.023114123458404665,0.09096504269673504,0.9941348973607038,0.9736842105263158,0.9718634306869601,3.935474466960965
cancer,32,pso,1,0.001,85.1,0.1540373018639176,0.12900399649438585,0.9354838709677419,0.956140350877193,0.9521289997480473,0.8374854332903915
cancer,32,sgd,29,0.001,100.14,0.017663327708342114,0.05524444555952368,0.9941348973607038,0.9736842105263158,0.9718634306869601,3.1276352039504194
cancer,32,sgd,28,0.001,107.84,0.020776926419873325,0.06611438061704394,0.9912023460410557,0.9649122807017544,0.9626596790042581,3.182105922741533
cancer,32,pso,3,0.001,62.6,0.1664032998346975,0.07777571223620698,0.9442815249266863,0.9649122807017544,0.9626596790042581,0.4673928480593124
cancer,32,pso,2,0.001,87.94,0.23252876797026356,0.14776015003901585,0.9149560117302052,0.956140350877193,0.9521289997480473,0.6354489009201297
cancer,32,pso,0,0.001,118.8,0.13893079253606558,0.12718819153636374,0.9442815249266863,0.9298245614035088,0.9220512820512821,0.9154787733852916
cancer,32,pso,4,0.001,80.61,0.19961652025000726,0.24389815104744722,0.9530791788856305,0.9210526315789473,0.9117571170551303,1.2218334972575415
cancer,32,pso,8,0.001,66.61,0.13458434828604848,0.2876927666140717,0.9472140762463344,0.9122807017543859,0.9025641025641026,2.1376391109210062
cancer,32,pso,7,0.001,99.16,0.15062844120984828,0.15687976110359783,0.9384164222873901,0.9473684210526315,0.942866688940862,1.0415015905597835
cancer,32,pso,5,0.001,147.79,0.21180451677397033,0.23991255362086877,0.9384164222873901,0.8859649122807017,0.8768591607810553,1.1327074477684262
cancer,32,pso,6,0.001,147.65,0.15011798394214912,0.13259909927434457,0.9589442815249267,0.9385964912280702,0.933693394266722,0.8832992276624513
cancer,32,pso,10,0.001,82.6,0.1507783178261792,0.1704005401400031,0.9266862170087976,0.9473684210526315,0.9434523809523809,1.130139549218508
cancer,32,pso,12,0.001,74.72,0.1117456328702882,0.145586781676719,0.9501466275659824,0.9473684210526315,0.9422297297297297,1.3028409069526041
cancer,32,pso,9,0.001,151.91,0.22854202163485374,0.21192932472431364,0.9237536656891495,0.9122807017543859,0.9047778149014367,0.9273100990719223
cancer,32,pso,11,0.001,134.96,0.11511389819841851,0.26394282685636095,0.9472140762463344,0.9122807017543859,0.9037162162162162,2.292884099897393
cancer,32,pso,15,0.001,66.06,0.10313662236750044,0.16087543158133244,0.9501466275659824,0.9473684210526315,0.9439895185063871,1.5598283896489726
cancer,32,pso,16,0.001,61.72,0.15626158613438504,0.1619808732775108,0.9472140762463344,0.9473684210526315,0.942866688940862,1.0366007237262211
cancer,32,pso,19,0.001,62.35,0.18764552363485476,0.1323350876666192,0.9237536656891495,0.9385964912280702,0.9313666465984347,0.7052397792559877
cancer,32,pso,14,0.001,139.59,0.16085757016076813,0.22769714372259497,0.9530791788856305,0.9122807017543859,0.9047778149014367,1.4155202238540867
cancer,32,pso,13,0.001,140.82,0.2004348080613351,0.15847419927662212,0.9325513196480938,0.9298245614035088,0.922972972972973,0.7906520868776814
cancer,32,pso,20,0.001,63.81,0.17880320706265934,0.1820786529186836,0.9266862170087976,0.9122807017543859,0.9074675324675325,1.0183187198363641
cancer,32,pso,17,0.001,138.35,0.16929745176810104,0.19722126558999825,0.9325513196480938,0.9473684210526315,0.942866688940862,1.1649393628212814
cancer,32,pso,21,0.001,74.34,0.11162284135454076,0.22630907493955402,0.9501466275659824,0.9473684210526315,0.9434523809523809,2.027444134133286
cancer,32,pso,18,0.001,147.58,0.13794754326102077,0.10128189465988646,0.9442815249266863,0.9298245614035088,0.9246031746031746,0.7342058601815292
cancer,32,pso,24,0.001,75.9,0.18639303988235872,0.10975058760247561,0.9442815249266863,0.956140350877193,0.9531057178116001,0.5888126921034406
cancer,32,pso,26,0.001,72.95,0.1279744457808898,0.13687697724290115,0.9589442815249267,0.9473684210526315,0.9439895185063871,1.0695649151491833
cancer,32,pso,22,0.001,156.18,0.16122929358135776,0.19639587049512497,0.9413489736070382,0.9035087719298246,0.8958039052762775,1.2181153072907427
cancer,32,pso,28,0.001,68.95,0.20502994756007561,0.20033692292218527,0.9296187683284457,0.9210526315789473,0.9155902920608803,0.9771105407100822
cancer,32,pso,23,0.001,156.92,0.12210706574215763,0.20661251404410222,0.9560117302052786,0.9385964912280702,0.9329805996472662,1.6920602652133747
cancer,32,pso,25,0.001,151.36,0.12619287128361348,0.14250090532270165,0.9530791788856305,0.956140350877193,0.9521289997480473,1.129231024488194
cancer,32,pso,29,0.001,60.01,0.15142059524025997,0.1608453324470754,0.9384164222873901,0.9649122807017544,0.9619111259605746,1.0622421090860272
cancer,32,qso,1,0.001,58.51,0.1303021922002429,0.19737921541160236,0.9384164222873901,0.9385964912280702,0.9349474199070678,1.514780465920929
cancer,32,pso,27,0.001,140.02,0.2130841916550005,0.09515749097628491,0.9354838709677419,0.9649122807017544,0.9619111259605746,0.44657226909799164
cancer,32,qso,4,0.001,65.95,0.16861109200401703,0.19256132927411668,0.9442815249266863,0.9385964912280702,0.9322062696457395,1.1420442569076596
cancer,32,qso,5,0.001,67.07,0.038179919031904486,0.16789807337568047,0.9853372434017595,0.9298245614035088,0.9246031746031746,4.397549225690576
cancer,32,qso,0,0.001,136.67,0.07244906837348435,0.0788021058361828,0.9765395894428153,0.9649122807017544,0.9619111259605746,1.087689705407221
cancer,32,qso,2,0.001,135.43,0.0673779756354007,0.0719889182190732,0.9765395894428153,0.9824561403508771,0.981329839502129,1.0684339732707835
cancer,32,qso,3,0.001,140.86,0.07412569574350489,0.031617938341202516,0.9765395894428153,0.9912280701754386,0.9907067742724383,0.4265449116404816
cancer,32,qso,7,0.001,71.16,0.06387199865053916,0.18052792505419057,0.9824046920821115,0.9649122807017544,0.9623015873015872,2.8264016919512303
cancer,32,qso,8,0.001,70.56,0.042173370518961625,0.4123906086591836,0.9853372434017595,0.9035087719298246,0.8968325791855204,9.778459809698353
cancer,32,qso,6,0.001,147.03,0.06195741198041833,0.15561259831381616,0.9794721407624634,0.9385964912280702,0.9343480049362403,2.511605848917602
cancer,32,qso,12,0.001,60.39,0.0741046889208839,0.09391171620964849,0.9736070381231672,0.9736842105263158,0.9715828832571666,1.2672843996405017
cancer,32,qso,13,0.001,58.57,0.05839769314238718,0.25143779779133274,0.9794721407624634,0.9385964912280702,0.9349474199070678,4.305611818916696
cancer,32,qso,10,0.001,134.14,0.0859886532497958,0.12222029795119145,0.9706744868035191,0.9736842105263158,0.9718634306869601,1.4213537871810047
cancer,32,qso,9,0.001,136.81,0.08730942624559754,0.09392771065416476,0.9589442815249267,0.9649122807017544,0.9614864864864865,1.0758026331538393
cancer,32,qso,11,0.001,131.41,0.025878351642272063,0.18194902386828207,0.9882697947214076,0.9473684210526315,0.9434523809523809,7.03093560144186
cancer,32,qso,15,0.001,60.15,0.05121776939913882,0.2554813260345361,0.9853372434017595,0.9473684210526315,0.9439895185063871,4.988138472872108
cancer,32,qso,16,0.001,61.31,0.08929463300261968,0.1115386260766497,0.967741935483871,0.9473684210526315,0.942866688940862,1.2491078391394188
cancer,32,qso,14,0.001,129.49,0.08389734869066953,0.1097640599118039,0.9736070381231672,0.956140350877193,0.9521289997480473,1.3083138099691949
cancer,32,qso,20,0.001,70.42,0.05166364956037694,0.2247702166756124,0.9794721407624634,0.9736842105263158,0.9718634306869601,4.350645349065666
cancer,32,qso,21,0.001,69.52,0.0370135102447431,0.2078221322854951,0.9882697947214076,0.9385964912280702,0.933693394266722,5.61476420126922
cancer,32,qso,17,0.001,144.73,0.03121092643177233,0.21775001387694048,0.9853372434017595,0.9298245614035088,0.9246031746031746,6.976723819875905
cancer,32,qso,18,0.001,145.49,0.09148903084968868,0.13666986748367727,0.9765395894428153,0.9649122807017544,0.9619111259605746,1.49383883744728
cancer,32,qso,19,0.001,147.78,0.12183462322472441,0.06529714533976942,0.9794721407624634,0.9649122807017544,0.9614864864864865,0.5359490070349592
cancer,32,qso,23,0.001,70.16,0.04627192475817307,0.17833196824301034,0.9765395894428153,0.9298245614035088,0.922972972972973,3.853999356521501
cancer,32,qso,24,0.001,76.09,0.09613195478175164,0.06266323396856513,0.9824046920821115,0.9736842105263158,0.9721203228173148,0.6518460392366873
cancer,32,qso,22,0.001,143.64,0.07153838735625043,0.2550922627805394,0.9736070381231672,0.9035087719298246,0.8958039052762775,3.5658095214002836
cancer,32,qso,27,0.001,62.74,0.1083760530907445,0.03170686546249221,0.9706744868035191,0.9824561403508771,0.9814935064935065,0.29256338977341884
cancer,32,qso,28,0.001,59.13,0.07150038115011313,0.1232052102097326,0.9765395894428153,0.9649122807017544,0.9626596790042581,1.7231406074754563
cancer,64,sgd,1,0.001,29.1,0.02176970791634585,0.04343666614380468,0.9970674486803519,0.9912280701754386,0.9905276277523889,1.9952801530786792
cancer,64,sgd,2,0.001,29.36,0.022905565144032893,0.05405806289709421,0.9941348973607038,0.9824561403508771,0.981329839502129,2.360040564691189
cancer,64,sgd,0,0.001,57.5,0.018433605833465726,0.09226930208466733,0.9941348973607038,0.9824561403508771,0.9809555629802873,5.00549392876541
cancer,32,qso,25,0.001,131.9,0.06683703975148872,0.1397052888248329,0.9794721407624634,0.9649122807017544,0.9623015873015872,2.090237529134751
cancer,32,qso,26,0.001,130.05,0.05592133527628211,0.12548460771440934,0.9794721407624634,0.9649122807017544,0.9629870129870131,2.2439487021267723
cancer,64,sgd,3,0.001,32.26,0.019873156610368155,0.03180645305918019,0.9970674486803519,0.9824561403508771,0.9814935064935065,1.6004731247670154
cancer,64,sgd,4,0.001,32.66,0.025321010590049427,0.06991030793632425,0.9912023460410557,0.9736842105263158,0.9715828832571666,2.7609604161611694
cancer,32,qso,29,0.001,131.67,0.06621411061198001,0.09641085365068233,0.9824046920821115,0.956140350877193,0.9531057178116001,1.4560469476915223
cancer,64,sgd,8,0.001,33.81,0.017979540998475926,0.23627874406359162,0.9970674486803519,0.9473684210526315,0.9434523809523809,13.141533706762608
cancer,64,sgd,9,0.001,33.94,0.02214247517026515,0.0674884167066593,0.9941348973607038,0.9649122807017544,0.9623015873015872,3.0479165580047094
cancer,64,sgd,5,0.001,67.17,0.01901564867441602,0.08747324080817072,0.9970674486803519,0.9649122807017544,0.9623015873015872,4.6000660985001645
cancer,64,sgd,6,0.001,68.27,0.01741528237454151,0.1158496471683783,0.9912023460410557,0.9473684210526315,0.9439895185063871,6.652183104290795
cancer,64,sgd,7,0.001,67.18,0.01727152933578404,0.08574543223426202,0.9970674486803519,0.956140350877193,0.9531057178116001,4.964553547473659
cancer,64,sgd,11,0.001,34.0,0.011443332036554604,0.15358231996124155,0.9970674486803519,0.956140350877193,0.9526381387619444,13.42111890755576
cancer,64,sgd,12,0.001,33.95,0.017735302443724375,0.08605317935744365,0.9970674486803519,0.9736842105263158,0.9712773998488284,4.852084120386316
cancer,64,sgd,10,0.001,66.42,0.020720539207921704,0.12420752386455698,0.9912023460410557,0.9649122807017544,0.9623015873015872,5.994415619120134
cancer,64,sgd,16,0.001,31.16,0.01916594196717496,0.1035878513022456,0.9970674486803519,0.9649122807017544,0.9626596790042581,5.4047879034413215
cancer,64,sgd,17,0.001,30.38,0.019428422415332193,0.17550683340852133,0.9941348973607038,0.9649122807017544,0.9623015873015872,9.033509240051206
cancer,64,sgd,13,0.001,63.88,0.018178848093567936,0.06585545897701657,0.9941348973607038,0.9736842105263158,0.9718634306869601,3.6226420198933087
cancer,64,sgd,14,0.001,61.76,0.020089491216117743,0.05543789645199249,0.9941348973607038,0.9824561403508771,0.9809555629802873,2.7595470614763418
cancer,64,sgd,15,0.001,61.74,0.01717010860101501,0.1402260566425028,0.9970674486803519,0.9736842105263158,0.9718634306869601,8.166870687947387
cancer,64,sgd,18,0.001,29.58,0.0197757874321461,0.10976919987939092,0.9970674486803519,0.9649122807017544,0.9626596790042581,5.55068667965949
cancer,64,sgd,20,0.001,26.75,0.015167035991356829,0.11735527897226934,0.9970674486803519,0.9824561403508771,0.9811507936507937,7.737522284455979
cancer,64,sgd,19,0.001,51.99,0.02104658702069092,0.13529501838421049,0.9970674486803519,0.9649122807017544,0.9614864864864865,6.428359061314874
cancer,64,sgd,24,0.001,28.12,0.02355150558654728,0.06710645648027806,0.9941348973607038,0.9649122807017544,0.9619111259605746,2.8493488976182295
cancer,64,sgd,25,0.001,30.87,0.023223551766708737,0.09416068343570763,0.9912023460410557,0.9736842105263158,0.9718634306869601,4.054534137654525
cancer,64,sgd,21,0.001,55.9,0.015200782795029906,0.16639921597316357,0.9970674486803519,0.956140350877193,0.9526381387619444,10.946753086135141
cancer,64,sgd,22,0.001,56.75,0.014944174989431375,0.22128468806413823,1.0,0.9473684210526315,0.9439895185063871,14.807420832574051
cancer,64,sgd,23,0.001,56.7,0.019709632410192354,0.17402872401964609,0.9941348973607038,0.956140350877193,0.9521289997480473,8.829628092386512
cancer,64,sgd,26,0.001,30.67,0.01884756789365865,0.09080746733636713,0.9970674486803519,0.9649122807017544,0.9629870129870131,4.817993910340003
cancer,64,sgd,27,0.001,29.44,0.02240882669915714,0.058173087223469255,0.9941348973607038,0.9824561403508771,0.9811507936507937,2.595989875081559
cancer,64,sgd,28,0.001,63.31,0.020919495060966332,0.06490570689078165,0.9912023460410557,0.9649122807017544,0.9626596790042581,3.1026421384275737
cancer,64,pso,2,0.001,42.75,0.12503928642845408,0.08156708673416055,0.9648093841642229,0.9824561403508771,0.981329839502129,0.6523316716209207
cancer,64,sgd,29,0.001,64.06,0.018327265614560804,0.05935610929791488,0.9941348973607038,0.9736842105263158,0.9718634306869601,3.238677855509287
cancer,64,pso,3,0.001,42.79,0.248911939556265,0.2600908148568632,0.9266862170087976,0.9385964912280702,0.9359910162829871,1.0449109645785846
cancer,64,pso,0,0.001,88.06,0.1635126557267329,0.1292020490863995,0.9384164222873901,0.9210526315789473,0.912836632401665,0.7901654371165356
cancer,64,pso,1,0.001,87.83,0.2632033850449296,0.18210716465556823,0.9149560117302052,0.9649122807017544,0.9619111259605746,0.6918876238027181
cancer,64,pso,7,0.001,45.11,0.18825472884579383,0.23040468265894457,0.9384164222873901,0.9473684210526315,0.9415384615384615,1.2238985127841184
cancer,64,pso,4,0.001,56.94,0.16908685718864938,0.18448784993045664,0.9501466275659824,0.9298245614035088,0.9210526315789473,1.0910833224880656
cancer,64,pso,5,0.001,71.03,0.1519561714096557,0.1584664405837285,0.9560117302052786,0.9298245614035088,0.9238222519211494,1.042843071878416
cancer,64,pso,10,0.001,43.14,0.14618295935954007,0.1576430423903127,0.9384164222873901,0.956140350877193,0.9531057178116001,1.078395478385318
cancer,64,pso,6,0.001,92.47,0.1193216419863643,0.11534130690286877,0.9560117302052786,0.9473684210526315,0.9439895185063871,0.9666419685713813
cancer,64,pso,11,0.001,41.75,0.11083995030288599,0.19360496015607884,0.9648093841642229,0.9298245614035088,0.9253193580085162,1.7467073886899591
cancer,64,pso,9,0.001,84.26,0.2208774214494159,0.183249329109589,0.9237536656891495,0.9385964912280702,0.9329805996472662,0.8296426493350554
cancer,64,pso,8,0.001,85.6,0.14693392127407362,0.3528955833715555,0.9442815249266863,0.8859649122807017,0.8740973579135163,2.40172984094874
cancer,64,pso,13,0.001,35.61,0.14766622647300903,0.1690183666527656,0.9501466275659824,0.956140350877193,0.951575906889814,1.1445973171371002
cancer,64,pso,15,0.001,35.56,0.08746577283012306,0.2147435308250131,0.9736070381231672,0.9122807017543859,0.9082125603864735,2.4551721647974256
cancer,64,pso,12,0.001,76.75,0.11982099058826214,0.08080915507026959,0.9501466275659824,0.9736842105263158,0.9715828832571666,0.6744156818729037
cancer,64,pso,14,0.001,54.57,0.16126593338786102,0.2297598932734015,0.9413489736070382,0.9210526315789473,0.9138321995464853,1.4247267754982418
cancer,64,pso,19,0.001,37.25,0.18763656431689424,0.12945045047679604,0.9384164222873901,0.9210526315789473,0.9138321995464853,0.6898999187502215
cancer,64,pso,21,0.001,38.53,0.13649210717723473,0.25045322496299277,0.9501466275659824,0.9210526315789473,0.9147486497714998,1.8349282617329643
cancer,64,pso,16,0.001,79.03,0.19814910698756372,0.23907536522626896,0.9237536656891495,0.9210526315789473,0.9138321995464853,1.20654273370646
cancer,64,pso,17,0.001,78.97,0.13252330880096722,0.1980112721512101,0.9413489736070382,0.9473684210526315,0.9422297297297297,1.494161849283414
cancer,64,pso,18,0.001,76.1,0.16420361771605765,0.1645002156619333,0.9442815249266863,0.9385964912280702,0.9359910162829871,1.0018062814327788
cancer,64,pso,22,0.001,42.37,0.12366862186279137,0.18840233654704586,0.9384164222873901,0.9210526315789473,0.9155902920608803,1.5234449426959382
cancer,64,pso,23,0.001,44.88,0.19649763617244262,0.3093303043233777,0.9325513196480938,0.9210526315789473,0.9117571170551303,1.5742189593157003
cancer,64,pso,20,0.001,86.37,0.14553494148214516,0.1897848840889133,0.9442815249266863,0.9385964912280702,0.9322062696457395,1.3040502999219394
cancer,64,pso,27,0.001,45.01,0.17229092733790308,0.10479818979594716,0.9413489736070382,0.9649122807017544,0.9623015873015872,0.6082629620445029
cancer,64,pso,25,0.001,66.27,0.16342451212364079,0.16819742583699424,0.9560117302052786,0.9385964912280702,0.9329805996472662,1.0292056170236106
cancer,64,pso,24,0.001,93.34,0.1874508338936301,0.18492932604964882,0.9442815249266863,0.9298245614035088,0.9238222519211494,0.9865484309052894
cancer,64,pso,26,0.001,92.7,0.18232515523113538,0.2385415986128857,0.9413489736070382,0.9298245614035088,0.9253193580085162,1.3083307035196772
cancer,64,pso,29,0.001,60.73,0.20715615038284224,0.17772448518554046,0.9296187683284457,0.9473684210526315,0.9422297297297297,0.8579252165918823
cancer,64,qso,1,0.001,43.76,0.0386958308291624,0.05279183872459456,0.9912023460410557,0.9824561403508771,0.9811507936507937,1.3642771738811965
cancer,64,pso,28,0.001,83.82,0.18893540070354942,0.17314824330090992,0.9354838709677419,0.9298245614035088,0.9238222519211494,0.9164415067591781
cancer,64,qso,4,0.001,40.13,0.0746155043519239,0.17608295908491742,0.9706744868035191,0.9385964912280702,0.933693394266722,2.35987092246167
cancer,64,qso,0,0.001,78.8,0.06496416559652933,0.09050062814919725,0.9765395894428153,0.9649122807017544,0.9619111259605746,1.3930853620327603
cancer,64,qso,5,0.001,37.03,0.04073030596276835,0.09777230786701784,0.9824046920821115,0.956140350877193,0.9531057178116001,2.4004805649236145
cancer,64,qso,2,0.001,77.03,0.04422534146725782,0.058563237349616375,0.9882697947214076,0.9736842105263158,0.9718634306869601,1.3242009084988886
cancer,64,qso,7,0.001,34.24,0.04216201972865872,0.11477725018416048,0.9824046920821115,0.9736842105263158,0.9718634306869601,2.722290130378719
cancer,64,qso,3,0.001,76.11,0.04424075228720727,0.07574493548129095,0.9824046920821115,0.9736842105263158,0.9721203228173148,1.7121077641166937
cancer,64,qso,9,0.001,34.96,0.041741649297116865,0.12004915661004312,0.9882697947214076,0.9473684210526315,0.9434523809523809,2.8760041500884115
cancer,64,qso,6,0.001,72.32,0.04026861593450579,0.11870558883299119,0.9853372434017595,0.9473684210526315,0.9444805194805195,2.9478437755610445
cancer,64,qso,11,0.001,35.72,0.028809883920068637,0.1659179449974032,0.9912023460410557,0.9298245614035088,0.9238222519211494,5.759063294310139
cancer,64,qso,8,0.001,71.55,0.028194405495146423,0.22191760478496902,0.9882697947214076,0.9298245614035088,0.922972972972973,7.870980107141165
cancer,64,qso,13,0.001,36.44,0.05342856061555341,0.10448170832386401,0.9853372434017595,0.9736842105263158,0.9715828832571666,1.955540391133964
cancer,64,qso,10,0.001,77.3,0.037225310803778215,0.10456523582327054,0.9882697947214076,0.9649122807017544,0.9623015873015872,2.808982210369016
cancer,64,qso,15,0.001,39.65,0.02918665289004253,0.1375902766279428,0.9941348973607038,0.9736842105263158,0.9718634306869601,4.714150579249319
cancer,64,qso,12,0.001,78.22,0.02778755730114204,0.07669470764579382,0.9912023460410557,0.9824561403508771,0.9809555629802873,2.7600377685102155
cancer,64,qso,17,0.001,41.47,0.029550965615434986,0.200287416063508,0.9912023460410557,0.9473684210526315,0.9439895185063871,6.77769446420033
cancer,64,qso,14,0.001,81.41,0.03492144009689904,0.07089778430179719,0.9912023460410557,0.9736842105263158,0.9715828832571666,2.0302079211244437
cancer,64,qso,19,0.001,42.39,0.07323020307183543,0.1452437267144986,0.9794721407624634,0.9298245614035088,0.9220512820512821,1.9833855516148333
cancer,64,qso,16,0.001,85.01,0.050306328599525635,0.1471775081381603,0.9824046920821115,0.956140350877193,0.9531057178116001,2.9256261038208247
cancer,64,qso,21,0.001,42.4,0.03518620906455216,0.20932950448830603,0.9853372434017595,0.9385964912280702,0.9343480049362403,5.9491917445347084
cancer,64,qso,23,0.001,42.67,0.04644927873449558,0.13783579127135762,0.9882697947214076,0.9649122807017544,0.9619111259605746,2.9674473969601984
cancer,64,qso,18,0.001,87.43,0.05758983845609403,0.17869710674405104,0.967741935483871,0.9385964912280702,0.9354943011882628,3.1029277305628855
cancer,64,qso,20,0.001,87.93,0.023389465084114887,0.19075610420228847,0.9912023460410557,0.956140350877193,0.9531057178116001,8.155642017304695
cancer,64,qso,25,0.001,42.56,0.03613189147880645,0.09043514060323467,0.9882697947214076,0.9736842105263158,0.9718634306869601,2.502917420093558
cancer,64,qso,22,0.001,86.17,0.03185165627469647,0.2340700355540719,0.9853372434017595,0.9210526315789473,0.9155902920608803,7.348755541482511
cancer,64,qso,26,0.001,38.85,0.032867797066799216,0.07783055064999489,0.9941348973607038,0.9736842105263158,0.9721203228173148,2.367988048965227
cancer,full,sgd,0,0.001,16.52,0.02117185216554434,0.0946079389315009,0.9941348973607038,0.9824561403508771,0.9809555629802873,4.468571676759981
cancer,64,qso,24,0.001,81.83,0.06329361368119925,0.16019629662626816,0.9765395894428153,0.9385964912280702,0.9343480049362403,2.5310025342075373
cancer,full,sgd,1,0.001,9.38,0.024058012757879263,0.042045566585028095,0.9970674486803519,0.9912280701754386,0.9905276277523889,1.7476741328627698
cancer,64,qso,29,0.001,36.46,0.03127779671781815,0.08590890668031032,0.9970674486803519,0.9649122807017544,0.9619111259605746,2.7466418896242217
cancer,full,sgd,2,0.001,15.87,0.025768212602105427,0.05149690085062677,0.9912023460410557,0.9824561403508771,0.981329839502129,1.998466158511093
cancer,full,sgd,4,0.001,9.73,0.029764148582804708,0.08473112561896974,0.9882697947214076,0.9736842105263158,0.9715828832571666,2.8467511974429685
cancer,full,sgd,5,0.001,9.71,0.021985045888137315,0.08338797662401473,0.9941348973607038,0.9649122807017544,0.9619111259605746,3.792940758382005
cancer,full,sgd,3,0.001,15.91,0.021384875577704146,0.030818731821509952,0.9970674486803519,0.9736842105263158,0.9723547005092555,1.4411461834101826
cancer,full,sgd,7,0.001,9.9,0.02054036459765533,0.08964506852579494,0.9941348973607038,0.9473684210526315,0.9439895185063871,4.364336772095461
cancer,full,sgd,8,0.001,9.91,0.017959906198184255,0.2038733194726012,0.9970674486803519,0.9473684210526315,0.9434523809523809,11.351580416005334
cancer,full,sgd,6,0.001,16.51,0.018448165834183378,0.11290588086817453,0.9912023460410557,0.956140350877193,0.9535338713621913,6.120168361613842
cancer,64,qso,27,0.001,74.75,0.061433452392051224,0.07313804450630532,0.9794721407624634,0.9736842105263158,0.9715828832571666,1.1905247329998425
cancer,full,sgd,9,0.001,16.54,0.02504941413960169,0.05912915135145208,0.9941348973607038,0.9649122807017544,0.9623015873015872,2.3605003702650387
cancer,full,sgd,10,0.001,10.07,0.023232187989400323,0.12141010850592301,0.9912023460410557,0.9736842105263158,0.9715828832571666,5.225943788045979
cancer,full,sgd,11,0.001,10.12,0.01170409485592728,0.14855471654762178,1.0,0.9649122807017544,0.9619111259605746,12.692542086873939
cancer,64,qso,28,0.001,74.13,0.06386079331061205,0.05869494754189849,0.9824046920821115,0.9824561403508771,0.9811507936507937,0.9191077106795802
cancer,full,sgd,15,0.001,10.06,0.018126470209233417,0.12359979015266886,0.9970674486803519,0.9736842105263158,0.9718634306869601,6.818745664542484
cancer,full,sgd,16,0.001,10.11,0.022717943361930334,0.09009382932318089,0.9970674486803519,0.9736842105263158,0.9715828832571666,3.9657564017945353
cancer,full,sgd,12,0.001,17.76,0.018283280552841594,0.07531256107435692,0.9970674486803519,0.9736842105263158,0.9712773998488284,4.119203928238788
cancer,full,sgd,13,0.001,18.28,0.020165429936454912,0.06681054311879991,0.9941348973607038,0.9736842105263158,0.9718634306869601,3.3131226722828417
cancer,full,sgd,14,0.001,18.28,0.021881410255695035,0.05885695592867427,0.9941348973607038,0.9824561403508771,0.9809555629802873,2.6898154753693575
cancer,full,sgd,18,0.001,10.17,0.022343651168873803,0.08890235871855218,0.9970674486803519,0.9649122807017544,0.9626596790042581,3.9788644231252186
cancer,full,sgd,17,0.001,18.38,0.021408188924875175,0.15969261446451513,0.9941348973607038,0.9649122807017544,0.9623015873015872,7.459417283026722
cancer,full,sgd,19,0.001,10.33,0.02425092677259592,0.10288748086283872,0.9912023460410557,0.9649122807017544,0.9614864864864865,4.24262057395282
cancer,full,sgd,23,0.001,10.49,0.022784544237778797,0.19173602525841363,0.9941348973607038,0.9473684210526315,0.942866688940862,8.415179310038525
cancer,full,sgd,25,0.001,10.43,0.026583045417474496,0.10102269695039427,0.9912023460410557,0.9736842105263158,0.9718634306869601,3.8002680040559427
cancer,full,sgd,20,0.001,18.55,0.0160078924673334,0.11648666319906781,0.9970674486803519,0.9824561403508771,0.9811507936507937,7.276826942508328
cancer,full,sgd,21,0.001,18.91,0.015707320319316334,0.1507943393975966,0.9970674486803519,0.956140350877193,0.9526381387619444,9.600258754012598
cancer,full,sgd,22,0.001,18.95,0.015253264297011956,0.2046881116781198,0.9970674486803519,0.9473684210526315,0.9439895185063871,13.419298826298922
cancer,full,sgd,24,0.001,18.96,0.02794323771788911,0.06215999709429021,0.9882697947214076,0.9824561403508771,0.9811507936507937,2.2245094760259554
cancer,full,sgd,26,0.001,10.92,0.019786585898362328,0.09156994716284371,0.9970674486803519,0.9649122807017544,0.9629870129870131,4.6278801018634885
cancer,full,sgd,27,0.001,11.01,0.023666835906209802,0.052650995881995094,0.9941348973607038,0.9824561403508771,0.9811507936507937,2.2246740582749513
cancer,full,sgd,28,0.001,19.24,0.02271180922982307,0.06667461502588341,0.9912023460410557,0.9649122807017544,0.9626596790042581,2.9356804801940837
cancer,full,sgd,29,0.001,19.3,0.020653501096638226,0.06330589373029395,0.9941348973607038,0.9736842105263158,0.9718634306869601,3.0651410351244643
cancer,full,pso,2,0.001,13.63,0.028130691353499233,0.047053701473495295,0.9912023460410557,0.9912280701754386,0.99062114356232,1.6726820141817165
cancer,full,pso,3,0.001,13.75,0.023836302610893673,0.03618551878996663,0.9912023460410557,0.9824561403508771,0.9814935064935065,1.5180843850098258
cancer,full,pso,0,0.001,23.83,0.022365679546252452,0.06864517816665536,0.9912023460410557,0.9736842105263158,0.9715828832571666,3.0692194272343225
cancer,full,pso,1,0.001,24.95,0.027560518542907954,0.06325936161266113,0.9941348973607038,0.9824561403508771,0.9809555629802873,2.2952892382694094
cancer,full,pso,6,0.001,14.43,0.019895538132860126,0.11810643240408225,0.9912023460410557,0.9473684210526315,0.9444805194805195,5.936327613527265
cancer,full,pso,7,0.001,14.4,0.02099956979660804,0.08647141560014378,0.9941348973607038,0.9649122807017544,0.9626596790042581,4.117770813291189
cancer,full,pso,4,0.001,26.66,0.029807498919662178,0.05533975914232243,0.9882697947214076,0.9736842105263158,0.9715828832571666,1.8565717067196867
cancer,full,pso,5,0.001,25.57,0.020938002354174794,0.09599378159407529,0.9970674486803519,0.9473684210526315,0.9434523809523809,4.5846676282818954
cancer,full,pso,10,0.001,14.56,0.02018903262575128,0.1127831514464606,0.9941348973607038,0.9824561403508771,0.9811507936507937,5.5863573821067956
cancer,full,pso,11,0.001,14.48,0.012193953832820245,0.1550764360044815,0.9970674486803519,0.9649122807017544,0.9619111259605746,12.717485905768358
cancer,full,pso,8,0.001,25.43,0.017163954470235967,0.2047586793371273,0.9970674486803519,0.9385964912280702,0.9329805996472662,11.929574836160254
cancer,full,pso,9,0.001,26.92,0.02891395793653477,0.03602591117149079,0.9912023460410557,0.9824561403508771,0.9809555629802873,1.2459695504353479
cancer,full,pso,14,0.001,14.69,0.02383181959157908,0.05838649695429601,0.9941348973607038,0.9824561403508771,0.9809555629802873,2.4499386935157377
cancer,full,pso,15,0.001,14.65,0.017773710659338308,0.12791635902856482,0.9970674486803519,0.956140350877193,0.9535338713621913,7.196941678656031
cancer,full,pso,12,0.001,26.96,0.016855793547038807,0.09038668558691401,0.9970674486803519,0.9649122807017544,0.9614864864864865,5.3623512494191035
cancer,full,pso,13,0.001,26.31,0.01999529119854722,0.08317639849120559,1.0,0.956140350877193,0.9531057178116001,4.159799308011522
cancer,full,pso,16,0.001,26.33,0.020087505389135635,0.07544787180149434,0.9970674486803519,0.9649122807017544,0.9623015873015872,3.7559602519036766
cancer,full,pso,18,0.001,14.71,0.023269995892978446,0.10309625834056578,0.9970674486803519,0.9649122807017544,0.9626596790042581,4.430437324300273
cancer,full,pso,19,0.001,14.61,0.03173411451136091,0.08639587032323495,0.9882697947214076,0.9649122807017544,0.9614864864864865,2.72249191929729
cancer,full,pso,17,0.001,26.88,0.02052938520733041,0.1274309068106754,0.9941348973607038,0.9649122807017544,0.9623015873015872,6.207244178221847
cancer,full,pso,23,0.001,14.69,0.02240187950165516,0.1909361095061289,0.9941348973607038,0.9473684210526315,0.9422297297297297,8.52321830817908
cancer,full,pso,24,0.001,14.67,0.030181619400038186,0.054319392993914806,0.9882697947214076,0.9824561403508771,0.9811507936507937,1.7997507779137285
cancer,full,pso,20,0.001,27.02,0.015203883509372601,0.09963637673671086,0.9970674486803519,0.9824561403508771,0.9811507936507937,6.553350443344881
cancer,full,pso,21,0.001,26.87,0.01571506508108247,0.1313211927217547,0.9970674486803519,0.9736842105263158,0.9718634306869601,8.356388729171533
cancer,full,pso,22,0.001,26.88,0.015053254903083055,0.11833612727802886,1.0,0.9473684210526315,0.9439895185063871,7.861165444942572
cancer,full,pso,26,0.001,14.62,0.02100757935363036,0.09618903042056602,0.9970674486803519,0.956140350877193,0.9535338713621913,4.578777440340522
cancer,full,pso,27,0.001,14.6,0.02523364478523602,0.08232539259885477,0.9941348973607038,0.9736842105263158,0.9718634306869601,3.2625248274487326
cancer,full,pso,25,0.001,27.11,0.025056976960812126,0.06546586607942291,0.9941348973607038,0.9824561403508771,0.9811507936507937,2.612680140218363
cancer,full,qso,1,0.001,15.76,0.02526666395445368,0.05227182873322152,0.9941348973607038,0.9824561403508771,0.9809555629802873,2.0688061086120437
cancer,full,pso,28,0.001,26.55,0.02743004035861854,0.0751213564167613,0.9912023460410557,0.9736842105263158,0.9721203228173148,2.738652784853017
cancer,full,pso,29,0.001,25.95,0.020988035630448168,0.07165061673711154,0.9941348973607038,0.9649122807017544,0.9623015873015872,3.413879126122941
cancer,full,qso,2,0.001,15.72,0.02446183670890988,0.04660501361093359,0.9912023460410557,0.9824561403508771,0.981329839502129,1.9052131761618034
cancer,full,qso,0,0.001,27.3,0.020242336632231454,0.07618189060774383,0.9941348973607038,0.9824561403508771,0.9809555629802873,3.7634929203993663
cancer,full,qso,3,0.001,27.02,0.01938549482199348,0.030821796631816244,0.9970674486803519,0.9824561403508771,0.9814935064935065,1.589941186172246
cancer,full,qso,4,0.001,14.95,0.028146912390336377,0.052784717378897256,0.9882697947214076,0.9824561403508771,0.9811507936507937,1.875328869003043
cancer,full,qso,6,0.001,16.05,0.01623350324055317,0.10246056950624767,0.9941348973607038,0.956140350877193,0.9535338713621913,6.311673333103436
cancer,full,qso,7,0.001,22.63,0.017001861155643793,0.0943554285403328,0.9970674486803519,0.9649122807017544,0.9623015873015872,5.549711744882199
cancer,full,qso,5,0.001,24.73,0.021267426888281874,0.08433005151799015,0.9970674486803519,0.9649122807017544,0.9623015873015872,3.965221178893772
cancer,full,qso,10,0.001,12.77,0.02041030889709588,0.1376193430069719,0.9912023460410557,0.9736842105263158,0.9715828832571666,6.742638913542035
cancer,full,qso,11,0.001,12.58,0.011383555030237693,0.14085592245036704,1.0,0.9649122807017544,0.9619111259605746,12.373632145337458
cancer,full,qso,8,0.001,23.76,0.017672101280629175,0.1948579369184582,0.9970674486803519,0.9473684210526315,0.9434523809523809,11.026302635105809
cancer,full,qso,9,0.001,22.47,0.024153478054925258,0.05931409494040572,0.9941348973607038,0.9649122807017544,0.9623015873015872,2.455716514430131
cancer,full,qso,14,0.001,12.2,0.01960932425135907,0.05524489640979442,0.9941348973607038,0.9824561403508771,0.9809555629802873,2.8172769087627048
cancer,full,qso,15,0.001,12.23,0.017595569491503614,0.11899094186655806,0.9970674486803519,0.9736842105263158,0.9718634306869601,6.762551329981977
cancer,full,qso,12,0.001,22.31,0.017257276330193118,0.0800196942492101,0.9970674486803519,0.9736842105263158,0.9712773998488284,4.636866949230489
cancer,full,qso,13,0.001,21.98,0.01846355361392466,0.061558402485330135,0.9970674486803519,0.9736842105263158,0.9718634306869601,3.33404954281957
cancer,full,qso,18,0.001,12.6,0.02146476980935548,0.09423909201217039,0.9970674486803519,0.9649122807017544,0.9626596790042581,4.390407763473709
cancer,full,qso,16,0.001,22.11,0.020584144269886074,0.05889954240997177,0.9970674486803519,0.9736842105263158,0.9718634306869601,2.861403497649395
cancer,full,qso,19,0.001,12.38,0.02283177856107895,0.12444789880686541,0.9912023460410557,0.956140350877193,0.951575906889814,5.450644086878549
cancer,full,qso,17,0.001,21.97,0.0188576593738935,0.14917382028000906,0.9941348973607038,0.9649122807017544,0.9623015873015872,7.91051621637227
cancer,full,qso,22,0.001,12.4,0.015127518428141211,0.1798468404378847,0.9970674486803519,0.9473684210526315,0.9439895185063871,11.8887206313576
cancer,full,qso,24,0.001,12.45,0.023940601783328443,0.043096354303429354,0.9941348973607038,0.9912280701754386,0.99062114356232,1.8001366337182232
cancer,full,qso,20,0.001,22.69,0.015432558379195502,0.1149512431124622,0.9970674486803519,0.9824561403508771,0.9811507936507937,7.448618711686001
cancer,full,qso,21,0.001,22.1,0.015201231630515639,0.14555426339788807,0.9970674486803519,0.956140350877193,0.9526381387619444,9.575162522074585
cancer,full,qso,23,0.001,23.05,0.021361444624390408,0.17414768336932382,0.9941348973607038,0.956140350877193,0.9521289997480473,8.152430064139143
cancer,full,qso,26,0.001,12.47,0.020930045130485502,0.08976784523074774,0.9941348973607038,0.956140350877193,0.9535338713621913,4.288946568012749
cancer,full,qso,27,0.001,12.42,0.024194691836269905,0.050946311059076356,0.9941348973607038,0.9824561403508771,0.9811507936507937,2.105681337205688
cancer,full,qso,25,0.001,20.66,0.02336228436908393,0.09392670002739237,0.9912023460410557,0.9736842105263158,0.9715828832571666,4.020441603377135
cancer,full,qso,28,0.001,14.85,0.02251826460887495,0.07932304457210364,0.9912023460410557,0.9649122807017544,0.9626596790042581,3.5226091330697242
cancer,full,qso,29,0.001,14.9,0.017716679061891158,0.05892637891340619,0.9941348973607038,0.9649122807017544,0.9623015873015872,3.326039756522864
