dataset,batch,algo,run,lam,seconds,train_ce,ce,train_acc,acc,f1,gen_factor,value
iris,32,sgd,1001,0.0,10.7,0.16032098009972892,0.15850998014061538,0.9555555555555556,0.9666666666666667,0.9665831244778613,0.9887039116278667,0.001
iris,32,sgd,1005,0.0,13.93,0.11929467700521044,0.19959552785862225,0.9888888888888889,0.8666666666666667,0.8666666666666667,1.6731302089019822,0.001
iris,32,sgd,1000,0.0,15.85,0.1501548498580471,0.1004217063532217,0.9444444444444444,0.9666666666666667,0.9665831244778613,0.6687876312230876,0.001
iris,32,sgd,1002,0.0,18.39,0.12659450999259841,0.15143668786153594,0.9555555555555556,0.9666666666666667,0.9665831244778613,1.1962342432573891,0.001
iris,32,sgd,1003,0.0,18.6,0.15460406801137,0.10104594324006358,0.9666666666666667,1.0,1.0,0.65357881289794,0.001
iris,32,sgd,1004,0.0,19.87,0.14319808320011698,0.1702185059811782,0.9666666666666667,0.9666666666666667,0.9665831244778613,1.1886926289599882,0.001
iris,32,sgd,1006,0.0,12.88,0.12394907373416808,0.14581069250673562,0.9888888888888889,0.9333333333333333,0.9326599326599326,1.176375813985136,0.001
iris,32,sgd,1009,0.0,11.23,0.13880293409826525,0.16928751323198865,0.9888888888888889,0.9666666666666667,0.9665831244778613,1.2196248900051487,0.001
iris,32,sgd,1007,0.0,18.77,0.1457597365116147,0.15504749699856196,0.9666666666666667,1.0,1.0,1.0637196574940788,0.001
iris,32,sgd,1002,0.0,10.96,0.05134038634025525,0.01903918046342473,0.9777777777777777,1.0,1.0,0.37084217359105426,0.01
iris,32,sgd,1008,0.0,23.11,0.102459376395013,0.24727011459634624,0.9777777777777777,0.8666666666666667,0.8681704260651629,2.4133478388843836,0.001
iris,32,sgd,1003,0.0,11.06,0.035627515251055224,0.014531607405328406,0.9888888888888889,1.0,1.0,0.4078759717855431,0.01
iris,32,sgd,1000,0.0,22.93,0.03186993052297826,0.12778014539425073,1.0,0.9333333333333333,0.9326599326599326,4.009426543999557,0.01
iris,32,sgd,1001,0.0,23.09,0.03921298531330345,0.12202619565241109,0.9888888888888889,0.9666666666666667,0.9665831244778613,3.111882318508719,0.01
iris,32,sgd,1005,0.0,11.07,0.0299317139300567,0.20926691033536002,0.9888888888888889,0.9,0.899749373433584,6.991477695676466,0.01
iris,32,sgd,1007,0.0,11.04,0.03163602127873827,0.029250382570376147,0.9888888888888889,1.0,1.0,0.9245910638590497,0.01
iris,32,sgd,1004,0.0,23.19,0.051770209707815824,0.034693541858280955,0.9777777777777777,1.0,1.0,0.6701448971152848,0.01
iris,32,sgd,1000,0.0,11.05,0.005785586902516288,0.5139267461790931,1.0,0.9333333333333333,0.9326599326599326,88.82880074890487,0.05
iris,32,sgd,1006,0.0,23.26,0.019424509370149355,0.2939079604082912,1.0,0.9333333333333333,0.9326599326599326,15.13077910013803,0.01
iris,32,sgd,1001,0.0,11.13,0.013736815433003863,0.28257000394113047,1.0,0.9333333333333333,0.9326599326599326,20.570270112404078,0.05
iris,32,sgd,1008,0.0,23.4,0.01959649677451642,0.24101172486896896,1.0,0.9333333333333333,0.9326599326599326,12.298714797962472,0.01
iris,32,sgd,1009,0.0,23.38,0.018443691489492188,0.13452779225844208,1.0,0.9666666666666667,0.9665831244778613,7.293973244731717,0.01
iris,32,sgd,1003,0.0,11.23,0.02275260442051704,0.005850423473729458,0.9888888888888889,1.0,1.0,0.2571320348915252,0.05
iris,32,sgd,1005,0.0,11.34,0.014534316131557553,0.3046375820684011,1.0,0.9,0.899749373433584,20.95988413290106,0.05
iris,32,sgd,1008,0.0,11.29,0.003485931810799517,0.41672226904660037,1.0,0.9333333333333333,0.9326599326599326,119.5440105155192,0.05
iris,32,sgd,1002,0.0,23.61,0.01888071831419832,0.12207471642306292,0.9888888888888889,0.9666666666666667,0.9665831244778613,6.465575853184706,0.05
iris,32,sgd,1009,0.0,11.36,0.002841006386906777,0.1961111763867701,1.0,0.9666666666666667,0.9665831244778613,69.02876997763157,0.05
iris,32,sgd,1004,0.0,23.76,0.035611800927864846,0.05483914932017007,0.9888888888888889,0.9666666666666667,0.9665831244778612,1.5399150812746616,0.05
iris,32,sgd,1006,0.0,23.78,0.002472767822486257,0.6415600349538336,1.0,0.9333333333333333,0.9326599326599326,259.45017122908604,0.05
iris,32,sgd,1007,0.0,23.77,0.004888287636811425,0.03053450685069366,1.0,1.0,1.0,6.246462794200665,0.05
iris,32,sgd,1000,0.0,11.19,0.0022841737474127368,0.7317095868923563,1.0,0.9333333333333333,0.9326599326599326,320.338848006268,0.1
iris,32,sgd,1002,0.0,11.19,0.004371472354049225,0.16581054961835215,1.0,0.9666666666666667,0.9665831244778613,37.93013799224064,0.1
iris,32,sgd,1006,0.0,11.26,0.0009530492540338736,0.7768714144891231,1.0,0.9333333333333333,0.9326599326599326,815.1429857386063,0.1
iris,32,sgd,1001,0.0,23.71,0.0042494561325442225,0.3261343258905069,1.0,0.9666666666666667,0.9665831244778613,76.74730970695882,0.1
iris,32,sgd,1007,0.0,11.18,0.001753389079161466,0.01620308875979832,1.0,1.0,1.0,9.24101156575426,0.1
iris,32,sgd,1003,0.0,23.52,0.018858930391685156,0.0036486302176189796,0.9888888888888889,1.0,1.0,0.19346962642312152,0.1
iris,32,sgd,1004,0.0,23.55,0.005657374692751408,0.052664863361398195,1.0,0.9666666666666667,0.9665831244778613,9.30906404853753,0.1
iris,32,sgd,1008,0.0,10.94,0.00124113730173239,0.5084179268854129,1.0,0.9333333333333333,0.9326599326599326,409.63874518617627,0.1
iris,32,sgd,1005,0.0,23.51,0.004163891210610309,0.303011340166245,1.0,0.9333333333333333,0.9333333333333332,72.77119522097986,0.1
iris,32,sgd,1000,0.0,11.01,0.0002718559758858851,1.227387846213799,1.0,0.9333333333333333,0.9326599326599326,4514.845929776472,0.5
iris,32,sgd,1003,0.0,11.11,0.00036322719744487277,0.14484071885303115,1.0,0.9666666666666667,0.9665831244778613,398.76066514819206,0.5
iris,32,sgd,1009,0.0,23.11,0.0009868217956945464,0.23446190944386056,1.0,0.9666666666666667,0.9665831244778613,237.5929579857336,0.1
iris,32,sgd,1005,0.0,11.18,0.00024388503988309718,0.46841992245643,1.0,0.9,0.899749373433584,1920.6586951006113,0.5
iris,32,sgd,1001,0.0,23.16,0.0004355157332218221,0.4369790267762673,1.0,0.9666666666666667,0.9665831244778613,1003.3599097410792,0.5
iris,32,sgd,1006,0.0,11.05,0.00012786711181895122,1.0392303315378029,1.0,0.9333333333333333,0.9326599326599326,8127.424767435611,0.5
iris,32,sgd,1002,0.0,23.32,0.00031813764763538143,0.26685343114626053,1.0,0.9666666666666667,0.9665831244778613,838.7986556438681,0.5
iris,32,sgd,1004,0.0,23.35,0.0003584132044570999,0.017725085630633793,1.0,1.0,1.0,49.45433206759934,0.5
iris,32,sgd,1008,0.0,11.14,0.00014372728075123084,0.7034707663392494,1.0,0.9333333333333333,0.9326599326599326,4894.483237019184,0.5
iris,32,sgd,1000,1e-05,11.11,0.1502569098513866,0.10050395181611602,0.9444444444444444,0.9666666666666667,0.9665831244778613,0.6688807317781302,0.001
iris,32,sgd,1007,0.0,23.43,0.0002109079759324475,0.0038693002509819162,1.0,1.0,1.0,18.345917141707478,0.5
iris,32,sgd,1003,1e-05,11.23,0.15470839233154918,0.10114086087459156,0.9666666666666667,1.0,1.0,0.6537516119865091,0.001
iris,32,sgd,1009,0.0,23.62,0.0001318062760284701,0.3344785243629444,1.0,0.9666666666666667,0.9665831244778613,2537.6524884952914,0.5
iris,32,sgd,1004,1e-05,11.24,0.14328628840016105,0.1703036036581434,0.9666666666666667,0.9666666666666667,0.9665831244778613,1.1885547846876323,0.001
iris,32,sgd,1001,1e-05,23.76,0.16042109178400918,0.1586342232959049,0.9555555555555556,0.9666666666666667,0.9665831244778613,0.9888613868149575,0.001
iris,32,sgd,1002,1e-05,23.8,0.12668176080727375,0.15155249792651196,0.9555555555555556,0.9666666666666667,0.9665831244778613,1.1963245297566956,0.001
iris,32,sgd,1006,1e-05,11.38,0.12405331421061605,0.14585438656765343,0.9888888888888889,0.9333333333333333,0.9326599326599326,1.1757395398564185,0.001
iris,32,sgd,1008,1e-05,11.5,0.10255073392627657,0.24727518354640116,0.9777777777777777,0.8666666666666667,0.8681704260651629,2.411247331727207,0.001
iris,32,sgd,1005,1e-05,24.18,0.11939669880597165,0.19965630049512115,0.9888888888888889,0.8666666666666667,0.8666666666666667,1.6722095542991287,0.001
iris,32,sgd,1001,1e-05,11.55,0.03942716403042175,0.12146281069120199,0.9888888888888889,0.9666666666666667,0.9665831244778613,3.080688496831323,0.01
iris,32,sgd,1002,1e-05,11.73,0.0514311600403451,0.01925104214458381,0.9777777777777777,1.0,1.0,0.37430697906643284,0.01
iris,32,sgd,1007,1e-05,24.46,0.14584725076846447,0.15514766974985802,0.9666666666666667,1.0,1.0,1.063768215940924,0.001
iris,32,sgd,1009,1e-05,24.65,0.13889944541908028,0.16936939069614632,0.9888888888888889,0.9666666666666667,0.9665831244778613,1.2193669325686196,0.001
iris,32,sgd,1000,1e-05,24.68,0.03212281902912503,0.12653973982023115,1.0,0.9333333333333333,0.9326599326599326,3.9392476639581484,0.01
iris,32,sgd,1004,1e-05,12.07,0.05185741310662888,0.0348871032607576,0.9777777777777777,1.0,1.0,0.6727505513825567,0.01
iris,32,sgd,1005,1e-05,11.94,0.030077879237623093,0.20839290123114776,0.9888888888888889,0.9,0.899749373433584,6.9284439765446715,0.01
iris,32,sgd,1003,1e-05,24.94,0.0357769325812469,0.014613422566065569,0.9888888888888889,1.0,1.0,0.40845934829319175,0.01
iris,32,sgd,1009,1e-05,11.77,0.018652617293279106,0.13400614585465487,1.0,0.9666666666666667,0.9665831244778613,7.184307904228531,0.01
iris,32,sgd,1000,1e-05,12.07,0.006266160674925327,0.49437298845901656,1.0,0.9333333333333333,0.9326599326599326,78.89567697127522,0.05
iris,32,sgd,1006,1e-05,25.46,0.019663001551805465,0.29171950435191185,1.0,0.9333333333333333,0.9326599326599326,14.835959992340337,0.01
iris,32,sgd,1007,1e-05,25.7,0.031854986370708625,0.029348820230909328,0.9888888888888889,1.0,1.0,0.9213257820727315,0.01
iris,32,sgd,1008,1e-05,25.8,0.019796499793127028,0.23961883138118795,1.0,0.9333333333333333,0.9326599326599326,12.104100921132487,0.01
iris,32,sgd,1002,1e-05,12.58,0.019654126236347477,0.12043939539947786,0.9888888888888889,0.9666666666666667,0.9665831244778613,6.127944531909159,0.05
iris,32,sgd,1003,1e-05,12.59,0.02312156845605906,0.006122633463333833,0.9888888888888889,1.0,1.0,0.2648018223750466,0.05
iris,32,sgd,1007,1e-05,13.0,0.005352268950528771,0.02952320519231381,1.0,1.0,1.0,5.516016751997693,0.05
iris,32,sgd,1001,1e-05,27.09,0.014542488162858079,0.2735767878039321,1.0,0.9333333333333333,0.9326599326599326,18.81224070738148,0.05
iris,32,sgd,1008,1e-05,13.39,0.003878276699917731,0.40545747459809917,1.0,0.9333333333333333,0.9326599326599326,104.54578308110405,0.05
iris,32,sgd,1004,1e-05,27.75,0.03718382324139687,0.05207990069534388,0.9888888888888889,1.0,1.0,1.400606396960363,0.05
iris,32,sgd,1005,1e-05,28.03,0.015223077434045327,0.2983506397464224,0.9888888888888889,0.9,0.899749373433584,19.598575980385046,0.05
iris,32,sgd,1009,1e-05,13.66,0.003192749685606467,0.18989489326168224,1.0,0.9666666666666667,0.9665831244778613,59.476912367344404,0.05
iris,32,sgd,1006,1e-05,28.17,0.0027620576253447695,0.6246345970139671,1.0,0.9333333333333333,0.9326599326599326,226.14828571362554,0.05
iris,32,sgd,1001,1e-05,13.84,0.004922389759014983,0.3114447723736586,1.0,0.9666666666666667,0.9665831244778613,63.27105077432585,0.1
iris,32,sgd,1002,1e-05,17.16,0.0051071212507284225,0.16176401015265143,1.0,0.9666666666666667,0.9665831244778613,31.674205919739858,0.1
iris,32,sgd,1000,1e-05,28.8,0.002792425376276248,0.6810717308015761,1.0,0.9333333333333333,0.9326599326599326,243.899706895587,0.1
iris,32,sgd,1006,1e-05,13.71,0.001242339190180893,0.737281571871651,1.0,0.9333333333333333,0.9326599326599326,593.4623794362454,0.1
iris,32,sgd,1007,1e-05,13.56,0.0021997992507252094,0.015331516741715519,1.0,1.0,1.0,6.96950721146994,0.1
iris,32,sgd,1004,1e-05,26.8,0.006633567941991567,0.04825451009485664,1.0,1.0,1.0,7.274291982358048,0.1
iris,32,sgd,1003,1e-05,29.03,0.01952177607350226,0.003944547287926066,0.9888888888888889,1.0,1.0,0.20205883281696732,0.1
iris,32,sgd,1005,1e-05,29.04,0.004880791551181813,0.29061469915268445,1.0,0.9333333333333333,0.9333333333333332,59.54253446499192,0.1
iris,32,sgd,1009,1e-05,13.74,0.0013040804268798418,0.21959829952177276,1.0,0.9666666666666667,0.9665831244778613,168.39321792996023,0.1
iris,32,sgd,1000,1e-05,13.14,0.0009013111685051939,0.9252644863328894,1.0,0.9333333333333333,0.9326599326599326,1026.5760801205,0.5
iris,32,sgd,1008,1e-05,27.7,0.0015989880648534947,0.481175503884638,1.0,0.9333333333333333,0.9326599326599326,300.92501280097116,0.1
iris,32,sgd,1004,1e-05,12.52,0.001163124164624966,0.013510117627122111,1.0,1.0,1.0,11.615370085169085,0.5
iris,32,sgd,1005,1e-05,11.96,0.0007638366393716936,0.4323087456118801,1.0,0.9,0.899749373433584,565.9701608022925,0.5
iris,32,sgd,1001,1e-05,26.21,0.0011949937894928687,0.36369088509364933,1.0,0.9666666666666667,0.9665831244778613,304.345418605056,0.5
iris,32,sgd,1002,1e-05,26.13,0.0010726815269708455,0.2216476899906502,1.0,0.9666666666666667,0.9665831244778613,206.62953953962742,0.5
iris,32,sgd,1003,1e-05,25.83,0.0008202262028099259,0.15721412536601667,1.0,0.9666666666666667,0.9665831244778613,191.6716691413094,0.5
iris,32,sgd,1007,1e-05,11.59,0.0007702679742903146,0.002956150816719937,1.0,1.0,1.0,3.83782127180295,0.5
iris,32,sgd,1008,1e-05,11.1,0.0005720952772279525,0.5626471577288789,1.0,0.9333333333333333,0.9326599326599326,983.4850594382567,0.5
iris,32,sgd,1006,1e-05,23.61,0.0005115010458390168,0.8451859048785332,1.0,0.9333333333333333,0.9326599326599326,1652.3639819585746,0.5
iris,32,sgd,1002,0.0001,10.87,0.12746906594258414,0.1525971641969507,0.9555555555555556,0.9666666666666667,0.9665831244778613,1.197130951486575,0.001
iris,32,sgd,1003,0.0001,11.11,0.1556488911723508,0.10199700667949631,0.9666666666666667,1.0,1.0,0.6553018522088571,0.001
iris,32,sgd,1009,1e-05,23.1,0.0005541462027938947,0.25700778671888386,1.0,0.9666666666666667,0.9665831244778613,463.79057624702983,0.5
iris,32,sgd,1000,0.0001,23.21,0.15117754910501371,0.10124777226582211,0.9444444444444444,0.9666666666666667,0.9665831244778613,0.669727567785158,0.001
iris,32,sgd,1001,0.0001,23.18,0.16132447062851415,0.1597549660966093,0.9444444444444444,0.9666666666666667,0.9665831244778613,0.9902711316777292,0.001
iris,32,sgd,1005,0.0001,11.21,0.12031711661434036,0.20020669773480912,0.9888888888888889,0.8666666666666667,0.8666666666666667,1.6639918190239182,0.001
iris,32,sgd,1006,0.0001,11.14,0.12499366985604216,0.14625281805809776,0.9888888888888889,0.9333333333333333,0.9326599326599326,1.1700817987546106,0.001
iris,32,sgd,1000,0.0001,11.19,0.03441957604613723,0.11632300785411896,0.9888888888888889,0.9333333333333333,0.9326599326599326,3.3795595767418933,0.01
iris,32,sgd,1004,0.0001,23.36,0.1440818176279308,0.1710733876435634,0.9666666666666667,0.9666666666666667,0.9665831244778613,1.187335018810869,0.001
iris,32,sgd,1001,0.0001,11.17,0.04136480866480252,0.11680572979277844,0.9888888888888889,0.9666666666666667,0.9665831244778613,2.8237947560523566,0.01
iris,32,sgd,1007,0.0001,23.47,0.14663678718940718,0.15605111401003458,0.9666666666666667,1.0,1.0,1.0642016713614104,0.001
iris,32,sgd,1008,0.0001,23.67,0.10337528102448326,0.2473283286516224,0.9777777777777777,0.8666666666666667,0.8681704260651629,2.392528718669655,0.001
iris,32,sgd,1002,0.0001,11.28,0.052311863086645045,0.02124253049329641,0.9777777777777777,1.0,1.0,0.40607482203629486,0.01
iris,32,sgd,1009,0.0001,23.74,0.13976950372476846,0.17010793851634365,0.9888888888888889,0.9666666666666667,0.9665831244778613,1.217060474445964,0.001
iris,32,sgd,1004,0.0001,11.39,0.05269824639256565,0.03673134773735525,0.9777777777777777,1.0,1.0,0.6970127139285054,0.01
iris,32,sgd,1007,0.0001,11.53,0.03378045572231933,0.03028025644262277,0.9777777777777777,1.0,1.0,0.8963838940342087,0.01
iris,32,sgd,1003,0.0001,23.99,0.03716716760877229,0.015392394554741071,0.9888888888888889,1.0,1.0,0.4141395630886901,0.01
iris,32,sgd,1009,0.0001,11.42,0.020534463729973806,0.12963211083606402,1.0,0.9666666666666667,0.9665831244778613,6.312904614442998,0.01
iris,32,sgd,1005,0.0001,24.32,0.031424913540160866,0.20109190375810457,0.9888888888888889,0.9,0.899749373433584,6.399123533024529,0.01
iris,32,sgd,1000,0.0001,11.55,0.011125648067305156,0.35934045407075105,1.0,0.9333333333333333,0.9326599326599326,32.298384048902435,0.05
iris,32,sgd,1006,0.0001,24.49,0.02184650594462676,0.2728576685134331,1.0,0.9333333333333333,0.9326599326599326,12.489762399764599,0.01
iris,32,sgd,1008,0.0001,24.54,0.021614809676976956,0.22808184599458287,0.9888888888888889,0.9333333333333333,0.9326599326599326,10.552109845201393,0.01
iris,32,sgd,1002,0.0001,11.86,0.02659583147292134,0.11055294340256501,0.9888888888888889,0.9666666666666667,0.9665831244778613,4.156777106785511,0.05
iris,32,sgd,1004,0.0001,11.83,0.04806614287796059,0.03799216157477046,0.9777777777777777,1.0,1.0,0.7904141938584949,0.05
iris,32,sgd,1001,0.0001,24.65,0.022464342102275377,0.20836850120574585,0.9888888888888889,0.9666666666666667,0.9665831244778613,9.275522081042405,0.05
iris,32,sgd,1007,0.0001,11.83,0.010102993163290405,0.021755264542757988,1.0,1.0,1.0,2.1533484375508176,0.05
iris,32,sgd,1008,0.0001,12.21,0.008208494634461843,0.3324220367121127,1.0,0.9333333333333333,0.9326599326599326,40.49732033892066,0.05
iris,32,sgd,1003,0.0001,25.19,0.026562588393833374,0.00892360634354037,0.9888888888888889,1.0,1.0,0.3359464149816072,0.05
iris,32,sgd,1005,0.0001,25.36,0.021121172388487635,0.2563642201560612,0.9888888888888889,0.9,0.899749373433584,12.137783615449102,0.05
iris,32,sgd,1006,0.0001,25.42,0.005892114760094996,0.5062151244130232,1.0,0.9333333333333333,0.9326599326599326,85.91399608191978,0.05
iris,32,sgd,1000,0.0001,12.14,0.008494398958626834,0.41578098603744773,1.0,0.9333333333333333,0.9326599326599326,48.947663991598176,0.1
iris,32,sgd,1001,0.0001,12.4,0.012485453814276978,0.23403645243539958,1.0,0.9666666666666667,0.9665831244778613,18.744729339976534,0.1
iris,32,sgd,1009,0.0001,26.44,0.007162370720841757,0.1517006483858728,1.0,0.9666666666666667,0.9665831244778613,21.180228488374613,0.05
iris,32,sgd,1005,0.0001,12.91,0.012430144903488387,0.24690404993813003,1.0,0.9333333333333333,0.9333333333333332,19.8633283726917,0.1
iris,32,sgd,1002,0.0001,24.61,0.013510969420928652,0.1168456828946393,1.0,0.9666666666666667,0.9665831244778613,8.648208670626103,0.1
iris,32,sgd,1003,0.0001,27.76,0.024651492638511147,0.007278339866729206,0.9888888888888889,1.0,1.0,0.2952494590675946,0.1
iris,32,sgd,1006,0.0001,17.94,0.0047084286215692975,0.5353158303072705,1.0,0.9333333333333333,0.9326599326599326,113.69309664268674,0.1
iris,32,sgd,1004,0.0001,27.96,0.023808408449976382,0.04416673783911907,0.9888888888888889,1.0,1.0,1.8550898911162994,0.1
iris,32,sgd,1008,0.0001,13.64,0.006121635967784939,0.3432873282460311,1.0,0.9333333333333333,0.9326599326599326,56.077710280810216,0.1
iris,32,sgd,1009,0.0001,13.65,0.005173718457811575,0.15233564456577858,1.0,0.9666666666666667,0.9665831244778613,29.4441311037661,0.1
iris,32,sgd,1003,0.0001,13.44,0.005853487807625723,0.051682845823612836,1.0,0.9666666666666667,0.9665831244778613,8.829410348524549,0.5
iris,32,sgd,1007,0.0001,28.87,0.007401737182353493,0.009495431852668022,1.0,1.0,1.0,1.2828653083368204,0.1
iris,32,sgd,1004,0.0001,13.91,0.00937459393537739,0.03785806940034565,1.0,0.9666666666666667,0.9665831244778613,4.038368985506528,0.5
iris,32,sgd,1000,0.0001,28.97,0.007513608697899188,0.4281991575349085,1.0,0.9333333333333333,0.9326599326599326,56.98981338416431,0.5
iris,32,sgd,1001,0.0001,28.87,0.008346891641295966,0.235557953011217,1.0,0.9666666666666667,0.9665831244778613,28.221038817109104,0.5
iris,32,sgd,1005,0.0001,13.81,0.005484574868784833,0.32814371685040533,1.0,0.9,0.899749373433584,59.83029217415152,0.5
iris,32,sgd,1002,0.0001,28.95,0.007594415533288835,0.12202393228614933,1.0,0.9666666666666667,0.9665831244778613,16.06758699879906,0.5
iris,32,sgd,1007,0.0001,13.67,0.006747297243604777,0.0049654334835503265,1.0,1.0,1.0,0.7359144416316716,0.5
iris,32,sgd,1000,0.001,13.48,0.16057461391353847,0.10902534289459533,0.9444444444444444,0.9666666666666667,0.9665831244778613,0.678969983096457,0.001
iris,32,sgd,1006,0.0001,28.8,0.004273211376478735,0.5506279272150487,1.0,0.9333333333333333,0.9326599326599326,128.85576647247063,0.5
iris,32,sgd,1002,0.001,13.49,0.13553007856903987,0.16325499928006298,0.9555555555555556,0.9666666666666667,0.9665831244778613,1.2045665508627288,0.001
iris,32,sgd,1008,0.0001,28.72,0.004842457099404115,0.3246621220444234,1.0,0.9,0.899749373433584,67.04491446798248,0.5
iris,32,sgd,1009,0.0001,28.67,0.004304172191114613,0.15533462897922232,1.0,0.9666666666666667,0.9665831244778613,36.08931568766925,0.5
iris,32,sgd,1001,0.001,28.73,0.17057407135564656,0.1711942829680794,0.9444444444444444,0.9666666666666667,0.9665831244778613,1.003636025144406,0.001
iris,32,sgd,1004,0.001,14.78,0.1521916157657206,0.17911937208747256,0.9666666666666667,0.9666666666666667,0.9665831244778613,1.176933244228143,0.001
iris,32,sgd,1005,0.001,13.54,0.12972645703428481,0.2060310502351453,0.9888888888888889,0.9,0.899749373433584,1.5881960776951944,0.001
iris,32,sgd,1003,0.001,23.91,0.1651965542049294,0.11073431889491978,0.9555555555555556,1.0,1.0,0.6703185755167254,0.001
iris,32,sgd,1009,0.001,13.55,0.14860091260831304,0.17764703161782663,0.9888888888888889,0.9666666666666667,0.9665831244778613,1.19546393423622,0.001
iris,32,sgd,1000,0.001,13.51,0.05666103228120896,0.07104149153070077,0.9777777777777777,0.9333333333333333,0.9326599326599326,1.2537980455089757,0.01
iris,32,sgd,1006,0.001,28.52,0.13460076186262795,0.15073048289863938,0.9888888888888889,0.9333333333333333,0.9326599326599326,1.119833801925083,0.001
iris,32,sgd,1007,0.001,28.45,0.15470631938280927,0.16525284945328703,0.9666666666666667,1.0,1.0,1.0681712945699469,0.001
iris,32,sgd,1002,0.001,13.45,0.06436137524781498,0.04438968373045787,0.9666666666666667,1.0,1.0,0.6896944566448627,0.01
iris,32,sgd,1008,0.001,28.45,0.11183790296056678,0.2485627511688903,0.9777777777777777,0.8666666666666667,0.8681704260651629,2.222526930396144,0.001
iris,32,sgd,1003,0.001,13.39,0.05311375318632096,0.026063138194465707,0.9888888888888889,1.0,1.0,0.49070413275140323,0.01
iris,32,sgd,1001,0.001,27.67,0.060329125053930316,0.09817996760713922,0.9888888888888889,0.9666666666666667,0.9665831244778613,1.6274057931284882,0.01
iris,32,sgd,1006,0.001,12.18,0.04234321511495191,0.17068063440623715,0.9888888888888889,0.9333333333333333,0.9326599326599326,4.030885088505424,0.01
iris,32,sgd,1008,0.001,11.88,0.03979499196625026,0.1771140618777817,0.9888888888888889,0.9333333333333333,0.9326599326599326,4.450662084012741,0.01
iris,32,sgd,1000,0.001,11.32,0.050154631940488,0.07858585586613158,0.9888888888888889,0.9333333333333333,0.9326599326599326,1.5668713501751788,0.05
iris,32,sgd,1004,0.001,24.7,0.06429672498601949,0.05663388469071962,0.9777777777777777,1.0,1.0,0.8808206748171691,0.01
iris,32,sgd,1005,0.001,24.6,0.04663717845029826,0.16716082426312664,0.9888888888888889,0.8666666666666667,0.8666666666666667,3.58428253633036,0.01
iris,32,sgd,1007,0.001,24.37,0.049770728522609824,0.04183223896154101,0.9777777777777777,1.0,1.0,0.8404988273888231,0.01
iris,32,sgd,1001,0.001,10.95,0.05314313882875936,0.1061441632751821,0.9888888888888889,0.9666666666666667,0.9665831244778613,1.9973258188080583,0.05
iris,32,sgd,1009,0.001,23.42,0.03853331332835636,0.10995052798537341,1.0,0.9666666666666667,0.9665831244778613,2.8533888858309435,0.01
iris,32,sgd,1002,0.001,10.68,0.06254264827612604,0.040549311218220835,0.9666666666666667,1.0,1.0,0.6483465656777989,0.05
iris,32,sgd,1006,0.001,10.74,0.036908039847984776,0.18956578925943743,1.0,0.9333333333333333,0.9326599326599326,5.136165183526753,0.05
iris,32,sgd,1008,0.001,11.05,0.03675006100854524,0.17194450090312208,0.9888888888888889,0.9333333333333333,0.9326599326599326,4.678754162153391,0.05
iris,32,sgd,1003,0.001,23.0,0.04742909619364234,0.023527096145539945,0.9888888888888889,1.0,1.0,0.49604774355142883,0.05
iris,32,sgd,1004,0.001,22.93,0.06224517433156236,0.05166463250270586,0.9777777777777777,1.0,1.0,0.8300182794493118,0.05
iris,32,sgd,1009,0.001,11.09,0.034256528010984395,0.10748683673217023,1.0,0.9666666666666667,0.9665831244778613,3.137703759636833,0.05
iris,32,sgd,1005,0.001,23.1,0.04111212129417027,0.166778931274982,0.9888888888888889,0.9,0.899749373433584,4.056685133847164,0.05
iris,32,sgd,1007,0.001,23.34,0.04611282943617829,0.034939275183149626,0.9777777777777777,1.0,1.0,0.7576909855749963,0.05
iris,32,sgd,1000,0.001,11.34,0.04962862431577308,0.07875363633595812,0.9888888888888889,0.9333333333333333,0.9326599326599326,1.586859144732095,0.1
iris,32,sgd,1003,0.001,11.52,0.046561500553096456,0.022928893657962416,0.9888888888888889,1.0,1.0,0.49244318558452443,0.1
iris,32,sgd,1006,0.001,11.43,0.036184495643896204,0.19117041078667496,1.0,0.9333333333333333,0.9326599326599326,5.2832133593362,0.1
iris,32,sgd,1007,0.001,11.44,0.04584911518128482,0.03391479555250605,0.9777777777777777,1.0,1.0,0.7397044723416986,0.1
iris,32,sgd,1002,0.001,24.02,0.06199887367391078,0.03955606825363653,0.9666666666666667,1.0,1.0,0.6380126913544525,0.1
iris,32,sgd,1001,0.001,24.14,0.05200935216742929,0.10665328436606573,0.9888888888888889,0.9666666666666667,0.9665831244778613,2.0506558901700194,0.1
iris,32,sgd,1004,0.001,24.21,0.06203574929447218,0.05135526492082777,0.9777777777777777,1.0,1.0,0.8278333945327858,0.1
iris,32,sgd,1005,0.001,24.18,0.0403720910811464,0.1671928733887048,0.9888888888888889,0.9,0.899749373433584,4.141298330390005,0.1
iris,32,sgd,1008,0.001,11.56,0.03629947588717113,0.17205663898158138,0.9888888888888889,0.9333333333333333,0.9326599326599326,4.739920750271471,0.1
iris,32,sgd,1009,0.001,11.58,0.03375060218397216,0.10748206580064659,1.0,0.9666666666666667,0.9665831244778613,3.184596980367029,0.1
iris,32,sgd,1004,0.001,11.68,0.061724334333729355,0.051199483540151074,0.9666666666666667,1.0,1.0,0.8294862000994159,0.5
iris,32,sgd,1005,0.001,11.71,0.04018175529585875,0.1700766767285427,0.9888888888888889,0.9,0.899749373433584,4.23268409944429,0.5
iris,32,sgd,1000,0.001,24.7,0.0487880825284159,0.07775178976293631,0.9888888888888889,0.9333333333333333,0.9326599326599326,1.5936635697385921,0.5
iris,32,sgd,1001,0.001,24.8,0.051719951514443724,0.10870706221660302,0.9888888888888889,0.9666666666666667,0.9665831244778613,2.1018399869583138,0.5
iris,32,sgd,1002,0.001,24.87,0.061630859727155804,0.03871959223219474,0.9666666666666667,1.0,1.0,0.6282500747776216,0.5
iris,32,sgd,1006,0.001,12.04,0.035703627206331946,0.19168423521999517,1.0,0.9333333333333333,0.9326599326599326,5.368760829599982,0.5
iris,32,sgd,1003,0.001,24.99,0.04624306219628187,0.02289863763710688,0.9888888888888889,1.0,1.0,0.49517995888576827,0.5
iris,32,sgd,1007,0.001,11.98,0.045728585795242804,0.03395314215013932,0.9777777777777777,1.0,1.0,0.7424927222147225,0.5
iris,32,sgd,1001,0.01,12.78,0.26948690672699527,0.29010988745800176,0.9333333333333333,0.9666666666666667,0.9665831244778613,1.0765268375427928,0.001
iris,32,sgd,1003,0.01,13.1,0.2630330602029117,0.20559347014193358,0.9555555555555556,1.0,1.0,0.781625967410076,0.001
iris,32,sgd,1008,0.001,26.92,0.035640543094116024,0.17521814251009699,0.9888888888888889,0.9333333333333333,0.9326599326599326,4.9162590493472065,0.5
iris,32,sgd,1009,0.001,27.0,0.03354842962703909,0.10467246962816386,1.0,0.9666666666666667,0.9665831244778613,3.120040812396202,0.5
iris,32,sgd,1000,0.01,27.21,0.25965278208281994,0.20412755483511155,0.9555555555555556,0.9666666666666667,0.9665831244778613,0.7861558547445187,0.001
iris,32,sgd,1002,0.01,21.97,0.22341083485593757,0.2734420168209895,0.9666666666666667,0.9666666666666667,0.9665831244778613,1.2239425048356032,0.001
iris,32,sgd,1005,0.01,13.81,0.23207196800666136,0.2800010485203769,0.9777777777777777,0.9333333333333333,0.9326599326599326,1.2065267982401897,0.001
iris,32,sgd,1009,0.01,13.61,0.23944329659202057,0.25933829124992214,0.9888888888888889,0.9666666666666667,0.9665831244778613,1.0830885430540993,0.001
iris,32,sgd,1004,0.01,23.9,0.23849228817279702,0.27065806711385204,0.9444444444444444,1.0,1.0,1.1348713586820454,0.001
iris,32,sgd,1000,0.01,13.79,0.19171641026592523,0.13994966438682963,0.9555555555555556,0.9666666666666667,0.9665831244778613,0.7299827082757746,0.01
iris,32,sgd,1006,0.01,28.76,0.2399639285052532,0.227455217832189,0.9777777777777777,0.9333333333333333,0.9326599326599326,0.9478725375476992,0.001
iris,32,sgd,1007,0.01,28.87,0.24124907281151672,0.25949535126438117,0.9666666666666667,1.0,1.0,1.0756325329677843,0.001
iris,32,sgd,1001,0.01,13.72,0.1869916376625224,0.1963046441110956,0.9555555555555556,0.9666666666666667,0.9665831244778613,1.049804400694009,0.01
iris,32,sgd,1008,0.01,28.89,0.2067841466488038,0.2998509268212582,0.9666666666666667,0.9,0.899749373433584,1.4500672884295929,0.001
iris,32,sgd,1003,0.01,13.64,0.1765013793982963,0.12801746854225451,0.9666666666666667,1.0,1.0,0.7253057680267071,0.01
iris,32,sgd,1006,0.01,13.49,0.1729441691749795,0.17318185739551734,0.9777777777777777,0.9333333333333333,0.9326599326599326,1.0013743638867485,0.01
iris,32,sgd,1002,0.01,28.6,0.17637588758454048,0.21075072206261786,0.9666666666666667,0.9666666666666667,0.9665831244778613,1.1948953167512812,0.01
iris,32,sgd,1008,0.01,13.43,0.16450086176856174,0.2507278786635554,0.9777777777777777,0.9,0.899749373433584,1.5241736485022643,0.01
iris,32,sgd,1009,0.01,13.47,0.15541766668604212,0.1906984196693453,1.0,0.9666666666666667,0.9665831244778613,1.227006065240791,0.01
iris,32,sgd,1004,0.01,28.54,0.17712765559189853,0.20208508160775965,0.9666666666666667,1.0,1.0,1.140900786681008,0.01
iris,32,sgd,1005,0.01,28.62,0.1629828225331361,0.21909634671974562,0.9888888888888889,0.9,0.899749373433584,1.3442910321129153,0.01
iris,32,sgd,1007,0.01,28.59,0.16545121422601414,0.17154013944256016,0.9666666666666667,1.0,1.0,1.0368019373265418,0.01
iris,32,sgd,1001,0.01,13.74,0.1811814203186975,0.19056275626899663,0.9555555555555556,0.9666666666666667,0.9665831244778613,1.051778686433727,0.05
iris,32,sgd,1002,0.01,13.77,0.17315585973141553,0.20797256931554411,0.9666666666666667,0.9666666666666667,0.9665831244778613,1.2010715065498405,0.05
iris,32,sgd,1000,0.01,28.62,0.18837059929939887,0.13689681324779907,0.9555555555555556,0.9666666666666667,0.9665831244778613,0.7267419318989019,0.05
iris,32,sgd,1006,0.01,13.73,0.16900736174405925,0.16887698812301022,0.9777777777777777,0.9333333333333333,0.9326599326599326,0.999228592058336,0.05
iris,32,sgd,1007,0.01,13.59,0.1616308044457562,0.16830358548463514,0.9666666666666667,1.0,1.0,1.0412840922357616,0.05
iris,32,sgd,1003,0.01,28.78,0.17278456810786358,0.1243814866301742,0.9666666666666667,1.0,1.0,0.719864557305413,0.05
iris,32,sgd,1004,0.01,28.89,0.1739946372820904,0.19974515844025273,0.9666666666666667,1.0,1.0,1.1479960621798595,0.05
iris,32,sgd,1005,0.01,28.88,0.15644111411576936,0.21353381884520314,0.9888888888888889,0.9,0.899749373433584,1.3649469326022832,0.05
iris,32,sgd,1009,0.01,13.65,0.15206213829640083,0.18855772059241938,1.0,0.9666666666666667,0.9665831244778613,1.24000440020698,0.05
iris,32,sgd,1000,0.01,13.55,0.1872615225626559,0.1357218363418683,0.9555555555555556,0.9666666666666667,0.9665831244778613,0.7247716161041949,0.1
iris,32,sgd,1008,0.01,28.65,0.16112331685373116,0.2494961235787448,0.9777777777777777,0.9,0.899749373433584,1.5484793166543305,0.05
iris,32,sgd,1004,0.01,13.57,0.17374554622229524,0.19919727924229935,0.9666666666666667,1.0,1.0,1.1464885493377792,0.1
iris,32,sgd,1005,0.01,13.47,0.15632203925485774,0.21339374521756221,0.9888888888888889,0.9,0.899749373433584,1.3650905926940877,0.1
iris,32,sgd,1001,0.01,28.55,0.18019615860352425,0.18963966464138796,0.9555555555555556,0.9666666666666667,0.9665831244778613,1.05240681106106,0.1
iris,32,sgd,1002,0.01,28.64,0.17274283028294982,0.2080902198731952,0.9666666666666667,0.9666666666666667,0.9665831244778613,1.20462435131083,0.1
iris,32,sgd,1003,0.01,28.65,0.17225762704070985,0.12347436067896042,0.9666666666666667,1.0,1.0,0.7168005434660932,0.1
iris,32,sgd,1007,0.01,13.61,0.1611566324492036,0.16786412754092725,0.9555555555555556,1.0,1.0,1.041620968307574,0.1
iris,32,sgd,1008,0.01,13.54,0.16096128679769595,0.24940013955683119,0.9777777777777777,0.9,0.899749373433584,1.5494417603053183,0.1
iris,32,sgd,1006,0.01,28.51,0.16874405492043823,0.16856269243544822,0.9777777777777777,0.9333333333333333,0.9326599326599326,0.9989252214836516,0.1
iris,32,sgd,1002,0.01,13.45,0.17186140989054705,0.20600771498989304,0.9666666666666667,0.9666666666666667,0.9665831244778613,1.1986851214655614,0.5
iris,32,sgd,1003,0.01,13.12,0.17204610789582947,0.12320107407701199,0.9555555555555556,1.0,1.0,0.7160933518566303,0.5
iris,32,sgd,1009,0.01,27.55,0.15189717026386185,0.18851811261160403,1.0,0.9666666666666667,0.9665831244778613,1.2410903526650803,0.1
iris,32,sgd,1000,0.01,27.5,0.18626902890158756,0.13360336121601166,0.9444444444444444,0.9666666666666667,0.9665831244778613,0.7172602015689843,0.5
iris,32,sgd,1001,0.01,27.25,0.17949267081046202,0.18807689977457492,0.9555555555555556,0.9666666666666667,0.9665831244778613,1.0478249553330095,0.5
iris,32,sgd,1005,0.01,12.35,0.15645270644303252,0.21391931170306144,0.9888888888888889,0.9,0.899749373433584,1.367309754919156,0.5
iris,32,sgd,1006,0.01,11.7,0.16777383479862573,0.17269199498202017,0.9888888888888889,0.9333333333333333,0.9326599326599326,1.029314226436426,0.5
iris,32,sgd,1004,0.01,24.91,0.17320045582563728,0.19588808983001763,0.9666666666666667,1.0,1.0,1.13099061371536,0.5
iris,32,sgd,1000,0.1,11.26,0.7229976283172672,0.7142938743158376,0.8333333333333334,0.8666666666666667,0.8611111111111112,0.9879615732326992,0.001
iris,32,sgd,1001,0.1,10.92,0.7167450069502904,0.717297707698383,0.8333333333333334,0.8,0.7802197802197802,1.0007711260528263,0.001
iris,32,sgd,1007,0.01,23.49,0.16132586442788158,0.16676883073923318,0.9777777777777777,1.0,1.0,1.0337389564324002,0.5
iris,32,sgd,1008,0.01,23.53,0.15992182611850803,0.24848954034789864,0.9777777777777777,0.9,0.899749373433584,1.553818802467642,0.5
iris,32,sgd,1003,0.1,10.85,0.707508253951468,0.6942971078613444,0.8555555555555555,0.8666666666666667,0.8611111111111112,0.9813272198361803,0.001
iris,32,sgd,1009,0.01,23.42,0.15143423635310882,0.18847390936346758,1.0,0.9666666666666667,0.9665831244778613,1.2445924640448611,0.5
iris,32,sgd,1004,0.1,11.01,0.6965048693811042,0.7249578642844885,0.8555555555555555,0.8666666666666667,0.8611111111111112,1.0408511069400948,0.001
iris,32,sgd,1007,0.1,11.02,0.6955195016244594,0.7014942221789128,0.8666666666666667,0.8333333333333334,0.8222222222222223,1.008590299108075,0.001
iris,32,sgd,1002,0.1,23.04,0.7054914656907746,0.7246864799952583,0.8333333333333334,0.9,0.8976982097186701,1.0272080035520899,0.001
iris,32,sgd,1009,0.1,11.11,0.6960640404171403,0.7115487712494288,0.8444444444444444,0.9333333333333333,0.9326599326599326,1.022246129570217,0.001
iris,32,sgd,1005,0.1,23.54,0.6953999984148423,0.6778855884891051,0.8444444444444444,0.8333333333333334,0.8222222222222223,0.9748139057151838,0.001
iris,32,sgd,1000,0.1,11.37,0.7061892960455249,0.6970531993854507,0.8222222222222222,0.8666666666666667,0.8611111111111112,0.9870628219498172,0.01
iris,32,sgd,1006,0.1,23.66,0.7143683986535979,0.7147833273087056,0.8222222222222222,0.8333333333333334,0.8222222222222223,1.0005808328810313,0.001
iris,32,sgd,1008,0.1,23.73,0.6987416695321755,0.7162662299980892,0.8333333333333334,0.8333333333333334,0.8222222222222223,1.0250801708700825,0.001
iris,32,sgd,1002,0.1,11.58,0.6899920654697245,0.7078685527753102,0.8555555555555555,0.8666666666666667,0.8653198653198654,1.025908250544035,0.01
iris,32,sgd,1004,0.1,11.58,0.6885739758576044,0.716841823776133,0.8555555555555555,0.8666666666666667,0.8611111111111112,1.0410527392983762,0.01
iris,32,sgd,1001,0.1,24.09,0.705063421222892,0.705564638922914,0.8444444444444444,0.8,0.7802197802197802,1.0007108831417642,0.01
iris,32,sgd,1007,0.1,11.43,0.6912287097362905,0.6969032165072794,0.8555555555555555,0.8333333333333334,0.8222222222222223,1.0082093042303666,0.01
iris,32,sgd,1008,0.1,11.61,0.6940432369238613,0.7110702727442578,0.8444444444444444,0.8,0.7802197802197802,1.0245331053089197,0.01
iris,32,sgd,1003,0.1,24.29,0.6945210723980175,0.6813168064048684,0.8555555555555555,0.8666666666666667,0.8611111111111112,0.9809879548397892,0.01
iris,32,sgd,1005,0.1,24.42,0.6921732951045464,0.674536774803736,0.8444444444444444,0.8333333333333334,0.8222222222222223,0.974520079833264,0.01
iris,32,sgd,1006,0.1,24.42,0.7068696292934611,0.7074573084694081,0.8333333333333334,0.8333333333333334,0.8222222222222223,1.0008313826929225,0.01
iris,32,sgd,1000,0.1,11.58,0.7017677455556037,0.6922375812946095,0.8222222222222222,0.8666666666666667,0.8611111111111112,0.9864197744604962,0.05
iris,32,sgd,1001,0.1,11.8,0.7004876909855831,0.7010319919668144,0.8333333333333334,0.8,0.7802197802197802,1.0007770314714104,0.05
iris,32,sgd,1009,0.1,24.76,0.6907091899331022,0.7062540885782779,0.8444444444444444,0.9333333333333333,0.9326599326599326,1.0225057069917969,0.01
iris,32,sgd,1005,0.1,11.85,0.692062058649127,0.6744185869181633,0.8444444444444444,0.8333333333333334,0.8222222222222223,0.9745059398785667,0.05
iris,32,sgd,1006,0.1,11.97,0.6970835934874542,0.6977611707097208,0.8333333333333334,0.8333333333333334,0.8222222222222223,1.0009720171706764,0.05
iris,32,sgd,1002,0.1,25.1,0.69006242592401,0.7080533777086494,0.8555555555555555,0.8666666666666667,0.8653198653198654,1.026071484417586,0.05
iris,32,sgd,1003,0.1,25.2,0.6942883992738823,0.6811142134611821,0.8555555555555555,0.9,0.8976982097186701,0.9810249086309402,0.05
iris,32,sgd,1004,0.1,25.36,0.6884660889722534,0.7167419517246432,0.8555555555555555,0.8666666666666667,0.8611111111111112,1.0410708140971767,0.05
iris,32,sgd,1008,0.1,12.25,0.6938263772445302,0.7108504870201197,0.8444444444444444,0.8,0.7802197802197802,1.0245365560231354,0.05
iris,32,sgd,1009,0.1,13.38,0.6906204339713915,0.7061664823472047,0.8444444444444444,0.9333333333333333,0.9326599326599326,1.022510264120649,0.05
iris,32,sgd,1003,0.1,13.54,0.694048754314371,0.6809023354866371,0.8777777777777778,0.9333333333333333,0.9326599326599326,0.9810583640615842,0.1
iris,32,sgd,1007,0.1,27.15,0.6911242541262945,0.696764133264144,0.8444444444444444,0.8333333333333334,0.8222222222222223,1.008160441634304,0.05
iris,32,sgd,1004,0.1,13.72,0.6883064410061264,0.7165831718338145,0.8555555555555555,0.8666666666666667,0.8611111111111112,1.0410816013669069,0.1
iris,32,sgd,1000,0.1,28.53,0.7015485483383518,0.6919781596627693,0.8222222222222222,0.8666666666666667,0.8611111111111112,0.9863581947418317,0.1
iris,32,sgd,1001,0.1,28.72,0.7001706216007993,0.7007130502944875,0.8111111111111111,0.8,0.7802197802197802,1.0007747093022097,0.1
iris,32,sgd,1005,0.1,13.83,0.6920735409560425,0.6743190116205231,0.8555555555555555,0.8333333333333334,0.8222222222222223,0.9743458920406162,0.1
iris,32,sgd,1002,0.1,28.74,0.6902072273507421,0.7084099538389237,0.8555555555555555,0.8666666666666667,0.8653198653198654,1.026372842483916,0.1
iris,32,sgd,1007,0.1,13.58,0.6909953132795342,0.696604395879532,0.8222222222222222,0.8333333333333334,0.8222222222222223,1.008117396011525,0.1
iris,32,sgd,1000,0.1,13.47,0.7031698987258472,0.6929184851401757,0.6888888888888889,0.7333333333333333,0.6825396825396824,0.9854211427362758,0.5
iris,32,sgd,1006,0.1,28.61,0.6969872911191454,0.6976760519415396,0.8333333333333334,0.8333333333333334,0.8222222222222223,1.0009881971036922,0.1
iris,32,sgd,1002,0.1,13.46,0.6923226420567379,0.7126105069550062,0.9222222222222223,0.8333333333333334,0.825481707834649,1.0293040609476494,0.5
iris,32,sgd,1008,0.1,28.45,0.6935221955147188,0.7105670842411609,0.8333333333333334,0.8,0.7802197802197802,1.0245772793382506,0.1
iris,32,sgd,1003,0.1,13.47,0.6944379068958356,0.6813429754480118,0.9111111111111111,1.0,1.0,0.9811431211951567,0.5
iris,32,sgd,1009,0.1,28.5,0.6904891477597199,0.706037488565719,0.8444444444444444,0.9333333333333333,0.9326599326599326,1.0225178641205954,0.1
iris,32,sgd,1001,0.1,28.47,0.7039623876278353,0.7042233654559329,0.6777777777777778,0.6666666666666666,0.5555555555555555,1.0003707269488886,0.5
iris,32,sgd,1005,0.1,13.49,0.6967714925953187,0.6776121738793411,0.8777777777777778,0.9333333333333333,0.9326599326599326,0.9725027230310279,0.5
iris,32,sgd,1007,0.1,13.41,0.6925763141749103,0.6978669260336561,0.6666666666666666,0.6666666666666666,0.5555555555555555,1.0076390308915613,0.5
iris,32,sgd,1004,0.1,28.31,0.6886111308766492,0.7170978541329212,0.8666666666666667,0.8666666666666667,0.8611111111111112,1.0413683746587228,0.5
wine,32,sgd,1000,0.0,19.14,0.020579758402549157,0.03591980325155876,1.0,0.9722222222222222,0.9717813051146384,1.7453947975943913,0.001
iris,32,sgd,1006,0.1,28.38,0.7012741391239781,0.7023447964090047,0.6666666666666666,0.6666666666666666,0.5555555555555555,1.0015267314525018,0.5
iris,32,sgd,1008,0.1,28.45,0.6971653367753647,0.7134872639087029,0.9222222222222223,0.9,0.8976982097186701,1.0234118454724568,0.5
iris,32,sgd,1009,0.1,28.51,0.6920461541326877,0.7083068427102944,0.9333333333333333,0.9,0.899749373433584,1.023496537738853,0.5
wine,32,sgd,1001,0.0,19.3,0.0148203506084322,0.1414634031377653,1.0,0.9444444444444444,0.9440559440559441,9.545212989581916,0.001
wine,32,sgd,1003,0.0,19.76,0.018971085974843645,0.058499015479458384,1.0,0.9722222222222222,0.9696394686907022,3.083588127586909,0.001
wine,32,sgd,1007,0.0,19.43,0.015434896339069241,0.03030657210432673,1.0,1.0,1.0,1.9635099218395065,0.001
wine,32,sgd,1002,0.0,39.81,0.0158788760176115,0.05606874355751569,1.0,1.0,1.0,3.5310272273257257,0.001
wine,32,sgd,1008,0.0,19.48,0.023070501460101072,0.028566093855609556,1.0,1.0,1.0,1.2382086234671905,0.001
wine,32,sgd,1004,0.0,40.05,0.015026793244516367,0.09650794071431562,1.0,0.9722222222222222,0.9709618874773139,6.422390934907796,0.001
wine,32,sgd,1005,0.0,40.1,0.02454091804564746,0.0545854732126851,1.0,0.9722222222222222,0.9740129935032483,2.2242637015923004,0.001
wine,32,sgd,1006,0.0,40.04,0.014211810969232483,0.06680806967494772,1.0,0.9722222222222222,0.9696394686907022,4.700883639641861,0.001
wine,32,sgd,1009,0.0,19.23,0.0194306969737058,0.09144688895313288,1.0,0.9444444444444444,0.9440559440559441,4.706310281966805,0.001
wine,32,sgd,1001,0.0,19.45,0.0009692154633736927,0.11542716213815923,1.0,0.9444444444444444,0.9440559440559441,119.09339718577613,0.01
wine,32,sgd,1005,0.0,19.24,0.0014430331476358502,0.011851680348260374,1.0,1.0,1.0,8.213034030214217,0.01
wine,32,sgd,1000,0.0,39.91,0.0014432985116074075,0.03731613510615156,1.0,0.9722222222222222,0.9717813051146384,25.854758946984866,0.01
wine,32,sgd,1006,0.0,19.2,0.0011121503295185692,0.054985900470339535,1.0,0.9722222222222222,0.9696394686907022,49.44106836181219,0.01
wine,32,sgd,1002,0.0,39.69,0.0010652392959421071,0.029079793401095417,1.0,1.0,1.0,27.298836526094345,0.01
wine,32,sgd,1003,0.0,39.66,0.0012177278324757416,0.0582794363551237,1.0,0.9722222222222222,0.9696394686907022,47.85916425728463,0.01
wine,32,sgd,1007,0.0,18.98,0.0010901575594637434,0.008952695825076488,1.0,1.0,1.0,8.212295321311522,0.01
wine,32,sgd,1004,0.0,39.54,0.001087732610880499,0.09283593818670148,1.0,0.9722222222222222,0.9709618874773139,85.34812439938942,0.01
wine,32,sgd,1009,0.0,17.42,0.001281582035964528,0.07833854757906306,1.0,0.9444444444444444,0.9440559440559441,61.126440119071184,0.01
wine,32,sgd,1002,0.0,16.85,0.0001742318832678064,0.02792387795237836,1.0,0.9722222222222222,0.9709618874773139,160.26847341974394,0.05
wine,32,sgd,1008,0.0,36.01,0.0015770005313028139,0.010160770714190972,1.0,1.0,1.0,6.443099106502401,0.01
wine,32,sgd,1004,0.0,15.89,0.00017821378528558996,0.11281405430711816,1.0,0.9722222222222222,0.9709618874773139,633.0265311762058,0.05
wine,32,sgd,1000,0.0,33.93,0.00023274399926801937,0.0485566447295914,1.0,0.9722222222222222,0.9717813051146384,208.6268384246305,0.05
wine,32,sgd,1005,0.0,15.64,0.00022826490636041743,0.004799066286172755,1.0,1.0,1.0,21.0241090612295,0.05
wine,32,sgd,1001,0.0,33.78,0.0001636235917378753,0.11601101110497816,1.0,0.9444444444444444,0.9440559440559441,709.0115176717767,0.05
wine,32,sgd,1003,0.0,33.56,0.00020504680335907974,0.06671689479276205,1.0,0.9722222222222222,0.9696394686907022,325.37398145108773,0.05
wine,32,sgd,1007,0.0,15.61,0.0001738349017354231,0.005788720356265326,1.0,1.0,1.0,33.30010428559257,0.05
wine,32,sgd,1009,0.0,15.74,0.00020434213731387958,0.07470475767467392,1.0,0.9444444444444444,0.9440559440559441,365.5866511757374,0.05
wine,32,sgd,1006,0.0,32.76,0.00018132433717890417,0.0574677445832276,1.0,0.9722222222222222,0.9696394686907022,316.9334325293956,0.05
wine,32,sgd,1002,0.0,16.28,8.094507052487695e-05,0.028973301242630256,1.0,0.9722222222222222,0.9709618874773139,357.937809612827,0.1
wine,32,sgd,1003,0.0,16.42,9.744533301250864e-05,0.07095979114242257,1.0,0.9722222222222222,0.9696394686907022,728.201022549882,0.1
wine,32,sgd,1008,0.0,33.29,0.000246071187695402,0.008101210292891247,1.0,1.0,1.0,32.92222209663689,0.05
wine,32,sgd,1000,0.0,33.56,0.0001077544816025013,0.05421441017692782,1.0,0.9722222222222222,0.9717813051146384,503.1290519954517,0.1
wine,32,sgd,1001,0.0,33.58,7.710986436425747e-05,0.11743455819572438,1.0,0.9444444444444444,0.9440559440559441,1522.951170565909,0.1
wine,32,sgd,1005,0.0,16.73,0.00010557691301948087,0.003430265676511808,1.0,1.0,1.0,32.49067981253498,0.1
wine,32,sgd,1006,0.0,16.56,8.364571846377757e-05,0.060831436445240264,1.0,0.9722222222222222,0.9696394686907022,727.2510483795182,0.1
wine,32,sgd,1004,0.0,34.63,8.327340245972363e-05,0.12337535809979677,1.0,0.9722222222222222,0.9709618874773139,1481.5697984655908,0.1
wine,32,sgd,1000,0.0,17.29,1.8579351989855275e-05,0.06974087370240381,1.0,0.9722222222222222,0.9717813051146384,3753.676325228341,0.5
wine,32,sgd,1001,0.0,17.31,1.370041547782081e-05,0.12114691969040327,1.0,0.9444444444444444,0.9440559440559441,8842.57268595426,0.5
wine,32,sgd,1007,0.0,35.3,7.94894881789834e-05,0.004887114122167675,1.0,1.0,1.0,61.48126292074682,0.1
wine,32,sgd,1008,0.0,35.48,0.00011268404654104929,0.008525401394158036,1.0,1.0,1.0,75.65757226381062,0.1
wine,32,sgd,1009,0.0,35.66,9.44596128900272e-05,0.07649717697534737,1.0,0.9444444444444444,0.9440559440559441,809.8400431135342,0.1
wine,32,sgd,1003,0.0,18.69,1.772931119674253e-05,0.08211860635884924,1.0,0.9722222222222222,0.9696394686907022,4631.799027473621,0.5
wine,32,sgd,1004,0.0,18.77,1.4334080703996353e-05,0.1491782467575984,1.0,0.9722222222222222,0.9709618874773139,10407.242001644889,0.5
wine,32,sgd,1002,0.0,38.27,1.3959808814678977e-05,0.03313653489270702,1.0,0.9722222222222222,0.9709618874773139,2373.7097930641708,0.5
wine,32,sgd,1008,0.0,19.21,1.908478718225102e-05,0.011836119823387616,1.0,1.0,1.0,620.1861047942566,0.5
wine,32,sgd,1009,0.0,19.13,1.630356049291439e-05,0.084421511379473,1.0,0.9444444444444444,0.9440559440559441,5178.1027473209315,0.5
wine,32,sgd,1005,0.0,39.35,1.8047635036379413e-05,0.001688323191194692,1.0,1.0,1.0,93.54816782317819,0.5
wine,32,sgd,1006,0.0,39.58,1.4495269680060007e-05,0.07383359259704902,1.0,0.9722222222222222,0.9696394686907022,5093.6335940417885,0.5
wine,32,sgd,1007,0.0,39.57,1.3439786510049195e-05,0.003134956258948876,1.0,1.0,1.0,233.25937927695557,0.5
wine,32,sgd,1001,1e-05,19.41,0.014857490071492228,0.14143517700415995,1.0,0.9444444444444444,0.9440559440559441,9.519452903794184,0.001
wine,32,sgd,1002,1e-05,19.1,0.01591949067427039,0.05611985556485228,1.0,1.0,1.0,3.525229337616627,0.001
wine,32,sgd,1000,1e-05,39.79,0.02063151816474239,0.03592220919467896,1.0,0.9722222222222222,0.9717813051146384,1.741132616021788,0.001
wine,32,sgd,1006,1e-05,19.34,0.014252991197517358,0.06685017024655177,1.0,0.9722222222222222,0.9696394686907022,4.690255492348581,0.001
wine,32,sgd,1007,1e-05,19.21,0.015476471610404422,0.030348963602378955,1.0,1.0,1.0,1.9609743335797645,0.001
wine,32,sgd,1003,1e-05,39.86,0.01901616706532186,0.05852520430265636,1.0,0.9722222222222222,0.9696394686907022,3.077655139525132,0.001
wine,32,sgd,1004,1e-05,39.9,0.015066815957775596,0.0965302562373071,1.0,0.9722222222222222,0.9709618874773139,6.406811930790879,0.001
wine,32,sgd,1005,1e-05,39.88,0.02458595895053136,0.054583287843228176,1.0,0.9722222222222222,0.9740129935032483,2.220100015340199,0.001
wine,32,sgd,1009,1e-05,19.44,0.019470648795905012,0.0913890140007544,1.0,0.9444444444444444,0.9440559440559441,4.693680984065357,0.001
wine,32,sgd,1000,1e-05,19.36,0.0015095758750046334,0.03695682923480444,1.0,0.9722222222222222,0.9717813051146384,24.481597677023693,0.01
wine,32,sgd,1008,1e-05,40.09,0.02311995698386994,0.02859494880499812,1.0,1.0,1.0,1.2368080453154782,0.001
wine,32,sgd,1004,1e-05,19.82,0.0011395394826371837,0.09233720847956,1.0,0.9722222222222222,0.9709618874773139,81.03028450218176,0.01
wine,32,sgd,1005,1e-05,19.62,0.0015059878196426468,0.012012560138669859,1.0,1.0,1.0,7.976532068845217,0.01
wine,32,sgd,1001,1e-05,40.17,0.0010155814604834224,0.11502073014326239,1.0,0.9444444444444444,0.9440559440559441,113.25603569851687,0.01
wine,32,sgd,1002,1e-05,40.21,0.0011160400826442393,0.029180348484972585,1.0,1.0,1.0,26.146326586976553,0.01
wine,32,sgd,1003,1e-05,40.21,0.001275911001792148,0.05787989474764475,1.0,0.9722222222222222,0.9696394686907022,45.36358309188219,0.01
wine,32,sgd,1007,1e-05,19.67,0.0011402618403246027,0.009128722716127463,1.0,1.0,1.0,8.005812694327082,0.01
wine,32,sgd,1008,1e-05,19.41,0.0016465313154768607,0.010323419163457716,1.0,1.0,1.0,6.269798251889243,0.01
wine,32,sgd,1006,1e-05,40.26,0.0011632913899528483,0.055290249614772476,1.0,0.9722222222222222,0.9696394686907022,47.5291488377762,0.01
wine,32,sgd,1002,1e-05,19.86,0.00023265449421818572,0.02801521803709002,1.0,0.9722222222222222,0.9709618874773139,120.41554637159541,0.05
wine,32,sgd,1003,1e-05,19.62,0.0002753366988508493,0.06362714519344614,1.0,0.9722222222222222,0.9696394686907022,231.0885016745013,0.05
wine,32,sgd,1009,1e-05,40.32,0.0013390939988853119,0.07744404602731453,1.0,0.9444444444444444,0.9440559440559441,57.833166373518566,0.01
wine,32,sgd,1000,1e-05,40.43,0.00030895346944236475,0.04663152758661318,1.0,0.9722222222222222,0.9717813051146384,150.93382078142446,0.05
wine,32,sgd,1001,1e-05,40.41,0.000218450598461021,0.11327858154940712,1.0,0.9444444444444444,0.9440559440559441,518.5546862652329,0.05
wine,32,sgd,1005,1e-05,19.81,0.00030231457526215825,0.005424574620353374,1.0,1.0,1.0,17.94347697476823,0.05
wine,32,sgd,1006,1e-05,19.52,0.0002399392283338981,0.05963760012870821,1.0,0.9722222222222222,0.9696394686907022,248.5529379369215,0.05
wine,32,sgd,1004,1e-05,40.48,0.00023964312491246782,0.10798245678771493,1.0,0.9722222222222222,0.9709618874773139,450.59693169648267,0.05
wine,32,sgd,1000,1e-05,19.87,0.00019307068257190134,0.05075913085967477,1.0,0.9722222222222222,0.9717813051146384,262.90439430529074,0.1
wine,32,sgd,1001,1e-05,19.6,0.00013916295855236343,0.1115221900693108,1.0,0.9444444444444444,0.9440559440559441,801.378407224275,0.1
wine,32,sgd,1007,1e-05,40.52,0.00023103964212816108,0.006231591904471275,1.0,1.0,1.0,26.971959647576494,0.05
wine,32,sgd,1008,1e-05,40.68,0.00032644759159119715,0.009083065151453608,1.0,1.0,1.0,27.823961289406977,0.05
wine,32,sgd,1009,1e-05,40.67,0.0002718130485753448,0.07208112441721115,1.0,0.9444444444444444,0.9440559440559441,265.1864021797715,0.05
wine,32,sgd,1003,1e-05,20.09,0.00017759922937412778,0.0645401714224299,1.0,0.9722222222222222,0.9696394686907022,363.4034429646684,0.1
wine,32,sgd,1004,1e-05,19.79,0.0001526305535422947,0.11258143255968608,1.0,0.9722222222222222,0.9709618874773139,737.607444557221,0.1
wine,32,sgd,1002,1e-05,39.09,0.00014625209093147633,0.028711772488253445,1.0,0.9722222222222222,0.9709618874773139,196.3170051476789,0.1
wine,32,sgd,1008,1e-05,18.31,0.0002026293712067452,0.01069023819580043,1.0,1.0,1.0,52.75759447969194,0.1
wine,32,sgd,1009,1e-05,18.0,0.00017078568463596596,0.07225936789193646,1.0,0.9444444444444444,0.9440559440559441,423.0996763338751,0.1
wine,32,sgd,1005,1e-05,37.33,0.0001880875259206085,0.004461881966777435,1.0,1.0,1.0,23.722370449281094,0.1
wine,32,sgd,1006,1e-05,37.1,0.00014974055727900244,0.06608564696494817,1.0,0.9722222222222222,0.9696394686907022,441.3343196113183,0.1
wine,32,sgd,1007,1e-05,36.86,0.00014351320768002442,0.005547719794730931,1.0,1.0,1.0,38.656510326910606,0.1
wine,32,sgd,1001,1e-05,16.9,0.00010285282216450425,0.10003428885851318,1.0,0.9722222222222222,0.9717813051146384,972.5964417244373,0.5
wine,32,sgd,1002,1e-05,16.79,0.00010679988998330941,0.030156967234275037,1.0,0.9722222222222222,0.9709618874773139,282.3688979360179,0.5
wine,32,sgd,1006,1e-05,17.37,0.00011094110845416749,0.10576457131388439,1.0,0.9722222222222222,0.9696394686907022,953.3397744766391,0.5
wine,32,sgd,1000,1e-05,35.17,0.00013784533325320335,0.055470907512213716,1.0,0.9722222222222222,0.9717813051146384,402.41411299953927,0.5
wine,32,sgd,1007,1e-05,17.29,0.00010708587913155235,0.005526717913526565,1.0,1.0,1.0,51.61014653236519,0.5
wine,32,sgd,1003,1e-05,35.7,0.00013316663782033772,0.06066331037983294,1.0,0.9722222222222222,0.9696394686907022,455.5443568506782,0.5
wine,32,sgd,1004,1e-05,36.03,0.0001149870216756151,0.10856664220919271,1.0,0.9722222222222222,0.9709618874773139,944.1643119991868,0.5
wine,32,sgd,1005,1e-05,36.12,0.00013269950005710123,0.004614822100522335,1.0,1.0,1.0,34.7764844519878,0.5
wine,32,sgd,1008,1e-05,18.06,0.00014649144077844757,0.022564642428982946,1.0,0.9722222222222222,0.9717813051146384,154.03386238182694,0.5
wine,32,sgd,1000,0.0001,17.98,0.021100748946663837,0.035948586335760174,1.0,0.9722222222222222,0.9717813051146384,1.7036639991607443,0.001
wine,32,sgd,1004,0.0001,19.08,0.015430106902354428,0.09673708045133834,1.0,0.9722222222222222,0.9709618874773139,6.2693720181924055,0.001
wine,32,sgd,1005,0.0001,18.97,0.02499366880669671,0.05457229212337714,1.0,0.9722222222222222,0.9740129935032483,2.1834446373377263,0.001
wine,32,sgd,1009,1e-05,37.98,0.00012756372105665316,0.0641667196910737,1.0,0.9722222222222222,0.9717813051146384,503.0169954243981,0.5
wine,32,sgd,1001,0.0001,39.0,0.015194430441019395,0.1411942571358354,1.0,0.9444444444444444,0.9440559440559441,9.29250080704984,0.001
wine,32,sgd,1002,0.0001,39.14,0.016288096976852576,0.05658059640962598,1.0,1.0,1.0,3.4737389205156433,0.001
wine,32,sgd,1003,0.0001,39.2,0.019424594189632553,0.05876057602286203,1.0,0.9722222222222222,0.9696394686907022,3.025060675616286,0.001
wine,32,sgd,1006,0.0001,19.55,0.01462671648052358,0.06723131136700326,1.0,0.9722222222222222,0.9696394686907022,4.5964732724891535,0.001
wine,32,sgd,1007,0.0001,19.27,0.01585365683107661,0.03073283702337231,1.0,1.0,1.0,1.9385330054028465,0.001
wine,32,sgd,1002,0.0001,19.49,0.001633332635483927,0.030006908150201975,1.0,1.0,1.0,18.371584267837438,0.01
wine,32,sgd,1003,0.0001,19.36,0.001871360960751298,0.05452010705082788,1.0,0.9722222222222222,0.9696394686907022,29.133934176407962,0.01
wine,32,sgd,1008,0.0001,39.99,0.02356798967928982,0.02885791987019917,1.0,1.0,1.0,1.224454026961741,0.001
wine,32,sgd,1009,0.0001,40.18,0.019833289712997446,0.09088219310405361,1.0,0.9444444444444444,0.9440559440559441,4.5823055286937775,0.001
wine,32,sgd,1000,0.0001,40.23,0.002180378049342003,0.03438079267492629,1.0,0.9722222222222222,0.9717813051146384,15.768271325838088,0.01
wine,32,sgd,1001,0.0001,40.21,0.001490922324037126,0.11198538676058185,1.0,0.9444444444444444,0.9440559440559441,75.11148297608646,0.01
wine,32,sgd,1004,0.0001,19.72,0.0016720652271313596,0.08845068664744217,1.0,0.9722222222222222,0.9709618874773139,52.89906470885144,0.01
wine,32,sgd,1005,0.0001,19.56,0.0021467652095173055,0.013581966036883959,1.0,1.0,1.0,6.326712384135305,0.01
wine,32,sgd,1001,0.0001,19.55,0.0009364206052409177,0.09875693158562654,1.0,0.9722222222222222,0.9717813051146384,105.46215133766609,0.05
wine,32,sgd,1000,0.0001,19.71,0.0012955677639983887,0.037788214417479885,1.0,0.9722222222222222,0.9717813051146384,29.167300597892062,0.05
wine,32,sgd,1006,0.0001,40.38,0.0016817712341403032,0.05808491029362117,1.0,0.9722222222222222,0.9696394686907022,34.53793780895136,0.01
wine,32,sgd,1007,0.0001,40.29,0.0016514984668463066,0.010754331867823073,1.0,1.0,1.0,6.511863064795629,0.01
wine,32,sgd,1008,0.0001,40.5,0.002347989385186843,0.011912993010199845,1.0,1.0,1.0,5.073699687638008,0.01
wine,32,sgd,1009,0.0001,40.47,0.001921881329020515,0.07083181157773262,1.0,0.9444444444444444,0.9440559440559441,36.85545538539156,0.01
wine,32,sgd,1002,0.0001,19.72,0.00099150900570948,0.02760285843535994,1.0,0.9722222222222222,0.9709618874773139,27.83924127407048,0.05
wine,32,sgd,1003,0.0001,19.81,0.0012047906922743369,0.04812903361187099,1.0,0.9722222222222222,0.9696394686907022,39.94804568170732,0.05
wine,32,sgd,1008,0.0001,19.55,0.0013690596153865609,0.017335765602512362,1.0,1.0,1.0,12.662535223214164,0.05
wine,32,sgd,1009,0.0001,19.66,0.0011738632053423263,0.05908006844761715,1.0,0.9444444444444444,0.9440559440559441,50.32960244323188,0.05
wine,32,sgd,1004,0.0001,40.15,0.0010478564473400769,0.0850961967581831,1.0,0.9722222222222222,0.9709618874773139,81.20978496071183,0.05
wine,32,sgd,1005,0.0001,38.96,0.00124999234717407,0.010916310533585187,1.0,1.0,1.0,8.733101893195043,0.05
wine,32,sgd,1006,0.0001,38.63,0.0010152879903742634,0.08148300284568433,1.0,0.9722222222222222,0.9696394686907022,80.25604913897132,0.05
wine,32,sgd,1000,0.0001,17.72,0.0012462320390153213,0.036800901430143085,1.0,0.9722222222222222,0.9717813051146384,29.52973465456753,0.1
wine,32,sgd,1001,0.0001,17.69,0.0009191492677575716,0.09178703596917245,1.0,0.9722222222222222,0.9717813051146384,99.86085958932794,0.1
wine,32,sgd,1007,0.0001,38.44,0.0009844110736680876,0.010571664677114422,1.0,1.0,1.0,10.73907533132734,0.05
wine,32,sgd,1005,0.0001,15.98,0.0011995817177591203,0.012529676076993033,1.0,1.0,1.0,10.4450375422519,0.1
wine,32,sgd,1006,0.0001,16.12,0.0009852509598255769,0.10584180513579279,1.0,0.9722222222222222,0.9696394686907022,107.4262390513483,0.1
wine,32,sgd,1002,0.0001,34.21,0.0009550277656245351,0.028424015442786697,1.0,0.9722222222222222,0.9709618874773139,29.76250164224175,0.1
wine,32,sgd,1003,0.0001,33.53,0.0011721861874873377,0.04689248483437574,1.0,0.9722222222222222,0.9696394686907022,40.00429738461006,0.1
wine,32,sgd,1004,0.0001,33.43,0.0010316704247116703,0.08220190192878073,1.0,0.9722222222222222,0.9709618874773139,79.67845152850475,0.1
wine,32,sgd,1008,0.0001,17.19,0.0013261048238083924,0.020181393651021756,1.0,1.0,1.0,15.218550817923687,0.1
wine,32,sgd,1009,0.0001,17.07,0.0011465582575762542,0.05486481643693928,1.0,0.9722222222222222,0.9717813051146384,47.85174767562161,0.1
wine,32,sgd,1007,0.0001,33.29,0.0009675529592500428,0.012279884720176219,1.0,1.0,1.0,12.691692586723567,0.1
wine,32,sgd,1000,0.0001,23.37,0.0011681545573169225,0.024877438809654415,1.0,0.9722222222222222,0.9717813051146384,21.296358991051832,0.5
wine,32,sgd,1002,0.0001,17.26,0.0008746692545170602,0.02837978135672818,1.0,0.9722222222222222,0.9709618874773139,32.446300370301444,0.5
wine,32,sgd,1006,0.0001,16.44,0.0008973196129027892,0.13312263988938086,1.0,0.9722222222222222,0.9696394686907022,148.35587897018658,0.5
wine,32,sgd,1001,0.0001,34.08,0.00086937303196074,0.09618075305992344,1.0,0.9166666666666666,0.9153439153439153,110.6323172263605,0.5
wine,32,sgd,1003,0.0001,33.52,0.0010513836378560162,0.05403564336785778,1.0,0.9722222222222222,0.9696394686907022,51.394791988628796,0.5
wine,32,sgd,1007,0.0001,16.82,0.0008972271871452898,0.014436567177713917,1.0,1.0,1.0,16.090202553543637,0.5
wine,32,sgd,1004,0.0001,33.93,0.0009398517054091221,0.07373082538039051,1.0,0.9722222222222222,0.9709618874773139,78.44942447414628,0.5
wine,32,sgd,1005,0.0001,34.08,0.0011072815276140765,0.020866566628928097,1.0,1.0,1.0,18.84486113833263,0.5
wine,32,sgd,1008,0.0001,16.67,0.0012286006711761713,0.016976354254195816,1.0,1.0,1.0,13.817633876061546,0.5
wine,32,sgd,1001,0.001,17.0,0.018822831654452334,0.13996563643042484,1.0,0.9166666666666666,0.9165217391304347,7.4359500738199245,0.001
wine,32,sgd,1004,0.001,17.24,0.019361775799465273,0.09931647660022846,1.0,0.9722222222222222,0.9709618874773139,5.129512789987547,0.001
wine,32,sgd,1009,0.0001,35.6,0.0010429836229748296,0.058050432831634406,1.0,0.9722222222222222,0.9717813051146384,55.65804826931145,0.5
wine,32,sgd,1005,0.001,18.0,0.029296488546485765,0.05524897630996165,1.0,0.9722222222222222,0.9740129935032483,1.8858566009471123,0.001
wine,32,sgd,1000,0.001,35.96,0.026112651874087244,0.03664749567913632,1.0,0.9722222222222222,0.9717813051146384,1.403438297107743,0.001
wine,32,sgd,1002,0.001,36.07,0.020267052512621706,0.06126016002555881,1.0,1.0,1.0,3.02264771788635,0.001
wine,32,sgd,1003,0.001,35.92,0.023764385009987572,0.06111854976961003,1.0,0.9722222222222222,0.9696394686907022,2.5718548888988058,0.001
wine,32,sgd,1006,0.001,18.36,0.018658183026094673,0.07126560900854667,1.0,0.9722222222222222,0.9696394686907022,3.8195363883437694,0.001
wine,32,sgd,1008,0.001,19.16,0.028322161844600333,0.03179849699500935,1.0,1.0,1.0,1.1227425776846829,0.001
wine,32,sgd,1002,0.001,19.57,0.008608274518937895,0.03602998379609433,1.0,1.0,1.0,4.185505900959554,0.01
wine,32,sgd,1007,0.001,39.67,0.019912582566785506,0.03479344934854896,1.0,1.0,1.0,1.7473097340264123,0.001
wine,32,sgd,1003,0.001,20.23,0.010251455701036647,0.04344012618757408,1.0,0.9722222222222222,0.9696394686907022,4.23745928914089,0.01
wine,32,sgd,1009,0.001,40.09,0.023753983274483036,0.08711102250438944,1.0,0.9444444444444444,0.9440559440559441,3.66721747244664,0.001
wine,32,sgd,1001,0.001,39.96,0.008094084495956541,0.10411288436296606,1.0,0.9444444444444444,0.9440559440559441,12.862836360922154,0.01
wine,32,sgd,1000,0.001,40.21,0.011273478562934048,0.027391388703366618,1.0,0.9722222222222222,0.9717813051146384,2.4297193231401066,0.01
wine,32,sgd,1004,0.001,19.74,0.009174626961161204,0.07885858729526027,1.0,0.9722222222222222,0.9709618874773139,8.595290863496796,0.01
wine,32,sgd,1006,0.001,19.67,0.008756698883690198,0.08491778791277799,1.0,0.9722222222222222,0.9696394686907022,9.697465796265044,0.01
wine,32,sgd,1007,0.001,31.72,0.008649726419199356,0.025462806137605723,1.0,1.0,1.0,2.943770115212804,0.01
wine,32,sgd,1000,0.001,24.38,0.01061011060646692,0.02166481657912979,1.0,1.0,1.0,2.041902990711988,0.05
wine,32,sgd,1005,0.001,40.21,0.01094346835087934,0.02935234604726242,1.0,1.0,1.0,2.682179461404836,0.01
wine,32,sgd,1001,0.001,19.64,0.007682726253586174,0.09830596927027113,1.0,0.9722222222222222,0.9717813051146384,12.795714180807039,0.05
wine,32,sgd,1008,0.001,40.17,0.011703073279512925,0.024379040186019107,1.0,1.0,1.0,2.0831314650226433,0.01
wine,32,sgd,1009,0.001,40.33,0.010115096896950273,0.056346163847257755,1.0,0.9722222222222222,0.9717813051146384,5.570501639410519,0.01
wine,32,sgd,1002,0.001,19.5,0.007887831870465219,0.034648074355573,1.0,1.0,1.0,4.3925979818747685,0.05
wine,32,sgd,1005,0.001,19.63,0.01015623277653357,0.03519292000645042,1.0,1.0,1.0,3.465154923168484,0.05
wine,32,sgd,1008,0.001,19.69,0.010927444792497975,0.02305892903524522,1.0,1.0,1.0,2.1101849035262004,0.05
wine,32,sgd,1003,0.001,40.25,0.009497828793807643,0.045302542276952934,1.0,0.9722222222222222,0.9696394686907022,4.769778784230045,0.05
wine,32,sgd,1009,0.001,19.98,0.009365566783055735,0.055993079733399016,1.0,0.9722222222222222,0.9717813051146384,5.978610908493246,0.05
wine,32,sgd,1004,0.001,40.41,0.008453125717344332,0.07561539726824804,1.0,0.9722222222222222,0.9709618874773139,8.945258806822013,0.05
wine,32,sgd,1006,0.001,40.37,0.00798961888595548,0.10103155992140295,1.0,0.9722222222222222,0.9696394686907022,12.645354098053524,0.05
wine,32,sgd,1007,0.001,40.31,0.008096685130786749,0.027384058884863567,1.0,1.0,1.0,3.3821321247554406,0.05
wine,32,sgd,1000,0.001,19.81,0.010484257700814221,0.019432700893606287,1.0,1.0,1.0,1.8535123275439058,0.1
wine,32,sgd,1002,0.001,19.95,0.007743825833072734,0.03393244792385048,1.0,1.0,1.0,4.381871268195368,0.1
wine,32,sgd,1006,0.001,19.55,0.007764765760009061,0.10281556413436638,1.0,0.9722222222222222,0.9696394686907022,13.241296300771655,0.1
wine,32,sgd,1001,0.001,40.21,0.007532961221974438,0.09750919965058885,1.0,0.9722222222222222,0.9717813051146384,12.944338458313617,0.1
wine,32,sgd,1007,0.001,19.79,0.00796592058600302,0.026703278144614692,1.0,1.0,1.0,3.3521898512941775,0.1
wine,32,sgd,1003,0.001,40.3,0.009359034573653783,0.04587635953208492,1.0,0.9722222222222222,0.9696394686907022,4.901826055994012,0.1
wine,32,sgd,1004,0.001,40.31,0.008251010229222797,0.07453863790084461,1.0,0.9722222222222222,0.9709618874773139,9.03388019528195,0.1
wine,32,sgd,1005,0.001,40.19,0.010016013996282045,0.03614419668263766,1.0,1.0,1.0,3.608640792240748,0.1
wine,32,sgd,1008,0.001,19.59,0.010729297421638086,0.022579137328180014,1.0,1.0,1.0,2.1044376384462984,0.1
wine,32,sgd,1000,0.001,19.82,0.01031932436551904,0.019108219973892594,1.0,1.0,1.0,1.8516929303764056,0.5
wine,32,sgd,1004,0.001,19.04,0.008083317041551945,0.07294923620871725,1.0,0.9722222222222222,0.9709618874773139,9.024665967414716,0.5
wine,32,sgd,1009,0.001,39.16,0.009138250530066451,0.05594534996586811,1.0,0.9722222222222222,0.9717813051146384,6.122107265695778,0.1
wine,32,sgd,1005,0.001,18.25,0.00985510546468357,0.03610775452845458,1.0,1.0,1.0,3.663862822965125,0.5
wine,32,sgd,1001,0.001,38.67,0.007426266359546962,0.09755490222925872,1.0,0.9722222222222222,0.9717813051146384,13.136466900873462,0.5
wine,32,sgd,1003,0.001,37.98,0.009176888346788644,0.04682275884747139,1.0,0.9722222222222222,0.9696394686907022,5.102247851130991,0.5
wine,32,sgd,1002,0.001,38.06,0.007634154874449194,0.03327879048111074,1.0,1.0,1.0,4.359197714535731,0.5
wine,32,sgd,1006,0.001,16.48,0.0076464483311148605,0.10072693494413,1.0,0.9722222222222222,0.9696394686907022,13.173035451538048,0.5
wine,32,sgd,1008,0.001,16.25,0.010558275579915533,0.02176228755763468,1.0,1.0,1.0,2.0611592672417043,0.5
wine,32,sgd,1002,0.01,15.92,0.07133491634057594,0.11233617046501226,1.0,1.0,1.0,1.574771181179818,0.001
wine,32,sgd,1007,0.001,33.21,0.007790029741868196,0.026412518436492866,1.0,1.0,1.0,3.390554248405045,0.5
wine,32,sgd,1003,0.01,16.4,0.07833969222728492,0.0964163282922784,1.0,0.9722222222222222,0.9696394686907022,1.2307468353660136,0.001
wine,32,sgd,1009,0.001,33.2,0.009003781569011306,0.05856374571481444,1.0,0.9444444444444444,0.9440559440559441,6.504349896311984,0.5
wine,32,sgd,1000,0.01,33.14,0.08747440104546216,0.06571720871261508,1.0,1.0,1.0,0.7512736060743138,0.001
wine,32,sgd,1001,0.01,33.16,0.0673541479673696,0.17346203982593666,1.0,0.9444444444444444,0.9440559440559441,2.5753727878789605,0.001
wine,32,sgd,1004,0.01,19.47,0.07165135615503833,0.1414065739321861,1.0,0.9722222222222222,0.9709618874773139,1.9735366016829088,0.001
wine,32,sgd,1005,0.01,20.93,0.084012610967262,0.09880630687788312,1.0,1.0,1.0,1.1760889911680752,0.001
wine,32,sgd,1008,0.01,17.65,0.08576924575479619,0.07401801042741597,1.0,1.0,1.0,0.8629901053231182,0.001
wine,32,sgd,1006,0.01,26.79,0.07073356273059843,0.12210784217239636,1.0,0.9722222222222222,0.9696394686907022,1.7263069674217622,0.001
wine,32,sgd,1001,0.01,16.6,0.061917405521875225,0.16036202434766364,1.0,0.9444444444444444,0.9440559440559441,2.589934494122307,0.01
wine,32,sgd,1007,0.01,34.16,0.07174609092430344,0.08462056047140673,1.0,1.0,1.0,1.1794448921361675,0.001
wine,32,sgd,1009,0.01,34.25,0.07610275233374027,0.10881146606602633,1.0,0.9722222222222222,0.9717813051146384,1.4297967252070674,0.001
wine,32,sgd,1002,0.01,16.83,0.06390260773635202,0.10441947495115733,1.0,1.0,1.0,1.6340409045898239,0.01
wine,32,sgd,1000,0.01,34.89,0.07970591466251584,0.05550557086788506,1.0,1.0,1.0,0.6963795736226369,0.01
wine,32,sgd,1004,0.01,17.47,0.06608504901991162,0.13362653862101906,1.0,0.9722222222222222,0.9709618874773139,2.0220388817560986,0.01
wine,32,sgd,1007,0.01,17.78,0.06582271890029075,0.08240309831982089,1.0,1.0,1.0,1.2518944780243177,0.01
wine,32,sgd,1003,0.01,33.26,0.07294321116148163,0.08717425631034692,1.0,0.9722222222222222,0.9696394686907022,1.1950975960923986,0.01
wine,32,sgd,1008,0.01,23.83,0.07779619365692218,0.06734655840945938,1.0,1.0,1.0,0.8656793506691955,0.01
wine,32,sgd,1005,0.01,37.4,0.07727682860280174,0.0936022618848608,1.0,1.0,1.0,1.2112591002662751,0.01
wine,32,sgd,1006,0.01,37.82,0.0638078993023783,0.12192539014615478,1.0,0.9722222222222222,0.9696394686907022,1.9108196865777443,0.01
wine,32,sgd,1000,0.01,23.81,0.07922688918615793,0.05485519757436114,1.0,1.0,1.0,0.6923810607465468,0.05
wine,32,sgd,1009,0.01,34.81,0.0696657857963202,0.09876180423542734,1.0,0.9722222222222222,0.9717813051146384,1.4176514785058811,0.01
wine,32,sgd,1002,0.01,19.59,0.06329172632545914,0.10377419350835318,1.0,1.0,1.0,1.6396170484389196,0.05
wine,32,sgd,1001,0.01,33.4,0.06127058346789499,0.15876206082473449,1.0,0.9444444444444444,0.9440559440559441,2.591162868685979,0.05
wine,32,sgd,1005,0.01,19.99,0.07676512651850154,0.0930513749070011,1.0,1.0,1.0,1.212156862459861,0.05
wine,32,sgd,1003,0.01,32.31,0.07224939480393347,0.08636746625639227,1.0,0.9722222222222222,0.9696394686907022,1.1954074700663122,0.05
wine,32,sgd,1006,0.01,23.98,0.06276713961150772,0.12029442825722086,1.0,0.9722222222222222,0.9696394686907022,1.9165192009987038,0.05
wine,32,sgd,1004,0.01,39.84,0.06484232617751069,0.13258217652481746,1.0,0.9722222222222222,0.9709618874773139,2.0446856912854097,0.05
wine,32,sgd,1000,0.01,19.51,0.07914096837024871,0.05474634084771473,1.0,1.0,1.0,0.6917572778689349,0.1
wine,32,sgd,1007,0.01,34.87,0.06445200772895947,0.08008488888795746,1.0,1.0,1.0,1.242550724327147,0.05
wine,32,sgd,1001,0.01,19.37,0.06106680526112545,0.15859449983500482,1.0,0.9722222222222222,0.9717813051146384,2.597065609652329,0.1
wine,32,sgd,1008,0.01,40.03,0.07725758415095066,0.06660140962935951,1.0,1.0,1.0,0.8620695348074766,0.05
wine,32,sgd,1009,0.01,40.06,0.06832806902443513,0.09717501964434638,1.0,0.9722222222222222,0.9717813051146384,1.4221830212938575,0.05
wine,32,sgd,1003,0.01,19.62,0.07229478193420134,0.08625052150780926,1.0,0.9722222222222222,0.9696394686907022,1.1930393757368223,0.1
wine,32,sgd,1005,0.01,19.37,0.07662045005874787,0.09306602064681735,1.0,1.0,1.0,1.214636830969539,0.1
wine,32,sgd,1002,0.01,40.18,0.0632518847447951,0.10348257382502145,1.0,1.0,1.0,1.6360393724637095,0.1
wine,32,sgd,1008,0.01,19.57,0.07719203918505585,0.0660958803226359,1.0,1.0,1.0,0.8562525491026524,0.1
wine,32,sgd,1004,0.01,40.13,0.06474293421344386,0.1322758121638914,1.0,0.9722222222222222,0.9709618874773139,2.043092636608125,0.1
wine,32,sgd,1009,0.01,19.28,0.06829139516400311,0.09775230063333824,1.0,0.9722222222222222,0.9717813051146384,1.431399964791819,0.1
wine,32,sgd,1006,0.01,40.23,0.06293004206164445,0.11883989049915339,1.0,0.9722222222222222,0.9696394686907022,1.8884444790731472,0.1
wine,32,sgd,1007,0.01,40.14,0.06436427435913061,0.07988624587322342,1.0,1.0,1.0,1.2411581839249133,0.1
wine,32,sgd,1001,0.01,19.63,0.06003588286993512,0.15491416289270596,1.0,0.9722222222222222,0.9717813051146384,2.580359536451227,0.5
wine,32,sgd,1002,0.01,27.9,0.06327263206828915,0.1025702122570934,1.0,1.0,1.0,1.6210833800369011,0.5
wine,32,sgd,1003,0.01,27.17,0.07228257527175266,0.08908741221331966,1.0,0.9722222222222222,0.9696394686907022,1.2324880772217612,0.5
wine,32,sgd,1000,0.01,40.25,0.07955238790898664,0.05383096059586515,1.0,1.0,1.0,0.6766730956894901,0.5
wine,32,sgd,1006,0.01,19.59,0.06285795155387136,0.11611680563011216,1.0,0.9722222222222222,0.9696394686907022,1.847289050305691,0.5
wine,32,sgd,1007,0.01,19.53,0.06491253621156802,0.07988388508381822,1.0,1.0,1.0,1.2306387909949228,0.5
wine,32,sgd,1004,0.01,40.38,0.06422995108181515,0.13112216532764756,1.0,0.9722222222222222,0.9709618874773139,2.0414489365035653,0.5
wine,32,sgd,1005,0.01,40.28,0.07621053217811104,0.09424402409803721,1.0,1.0,1.0,1.2366272929019868,0.5
wine,32,sgd,1000,0.1,19.58,0.5088452080963581,0.4721146527220726,0.9811320754716981,1.0,1.0,0.9278158567873749,0.001
wine,32,sgd,1001,0.1,19.46,0.46323445339744673,0.5234955330017961,0.9905660377358491,0.9722222222222222,0.9717813051146384,1.1300876460340623,0.001
wine,32,sgd,1008,0.01,40.02,0.07879124484086718,0.06149409212622123,1.0,1.0,1.0,0.7804685945807736,0.5
wine,32,sgd,1009,0.01,40.24,0.06796375358324107,0.10294121541114258,1.0,0.9444444444444444,0.9440559440559441,1.5146487647281224,0.5
wine,32,sgd,1004,0.1,19.09,0.46235104305914687,0.4993171084471564,0.9811320754716981,1.0,1.0,1.0799523780533151,0.001
wine,32,sgd,1005,0.1,17.78,0.48921439335225614,0.505285123372096,0.9905660377358491,1.0,1.0,1.032850076036639,0.001
wine,32,sgd,1002,0.1,38.39,0.46025104180460596,0.5008229609060932,0.9905660377358491,0.9722222222222222,0.9751724137931035,1.0881517159470366,0.001
wine,32,sgd,1003,0.1,37.08,0.4819330388470784,0.47993234338243795,0.9811320754716981,0.9722222222222222,0.9696394686907022,0.9958486028070899,0.001
wine,32,sgd,1008,0.1,16.79,0.49598232749962856,0.4534188971867119,0.9811320754716981,1.0,1.0,0.914183574790881,0.001
wine,32,sgd,1009,0.1,16.4,0.46792470489297533,0.4873504382456732,0.9905660377358491,0.9722222222222222,0.9717813051146384,1.0415146564170852,0.001
wine,32,sgd,1006,0.1,34.72,0.46305819601000503,0.4954515324808841,1.0,0.9444444444444444,0.9448366013071895,1.0699552167524515,0.001
wine,32,sgd,1007,0.1,34.84,0.476004353786326,0.4725542165828448,1.0,1.0,1.0,0.9927518788934651,0.001
wine,32,sgd,1002,0.1,20.03,0.453772020450036,0.49419262519062535,0.9905660377358491,0.9722222222222222,0.9751724137931035,1.0890768996742053,0.01
wine,32,sgd,1001,0.1,26.2,0.4573214435921241,0.5179491976845401,0.9905660377358491,0.9722222222222222,0.9717813051146384,1.1325714220094358,0.01
wine,32,sgd,1000,0.1,34.32,0.49798656932412333,0.46041791642556745,0.9811320754716981,1.0,1.0,0.924558903366521,0.01
wine,32,sgd,1004,0.1,17.21,0.4540768155883503,0.4910351081939736,0.9811320754716981,1.0,1.0,1.081392159513223,0.01
wine,32,sgd,1003,0.1,23.82,0.4745184504876144,0.47110196593402864,0.9811320754716981,0.9722222222222222,0.9696394686907022,0.9928001017661696,0.01
wine,32,sgd,1007,0.1,16.81,0.4656147614332734,0.4621148913016012,1.0,0.9722222222222222,0.9740129935032483,0.9924833351054019,0.01
wine,32,sgd,1009,0.1,16.81,0.46029441728628334,0.4794096422853319,0.9905660377358491,0.9722222222222222,0.9717813051146384,1.0415282573091902,0.01
wine,32,sgd,1005,0.1,34.71,0.4825605579959545,0.4984937704970155,0.9905660377358491,1.0,1.0,1.0330180580179007,0.01
wine,32,sgd,1006,0.1,34.87,0.45633730121912497,0.4894405663459829,1.0,0.9444444444444444,0.9448366013071895,1.0725412212379333,0.01
wine,32,sgd,1001,0.1,17.34,0.45713898039225587,0.5174639730197949,0.9905660377358491,0.9722222222222222,0.9717813051146384,1.1319620404625659,0.05
wine,32,sgd,1008,0.1,35.37,0.4905014987667303,0.44744191184343696,0.9811320754716981,1.0,1.0,0.912213138937275,0.01
wine,32,sgd,1002,0.1,17.62,0.4517613090799812,0.49255211141379185,0.9905660377358491,0.9722222222222222,0.9751724137931035,1.0902928194910755,0.05
wine,32,sgd,1000,0.1,35.73,0.49774493045934326,0.4602388930576626,0.9811320754716981,1.0,1.0,0.9246480775463283,0.05
wine,32,sgd,1005,0.1,21.47,0.4821126543674978,0.49892593244207945,0.9905660377358491,1.0,1.0,1.034874168770035,0.05
wine,32,sgd,1007,0.1,19.47,0.46594276974950266,0.46225096107234304,1.0,0.9722222222222222,0.9740129935032483,0.9920766907078644,0.05
wine,32,sgd,1003,0.1,37.46,0.4729961495121871,0.46903337360173836,0.9811320754716981,0.9722222222222222,0.9696394686907022,0.991621970042387,0.05
wine,32,sgd,1004,0.1,33.13,0.4538904199343159,0.49093882267885114,0.9811320754716981,1.0,1.0,1.081624112599461,0.05
wine,32,sgd,1009,0.1,20.08,0.4601736939860146,0.47960475362094773,0.9905660377358491,0.9722222222222222,0.9717813051146384,1.0422254898288985,0.05
wine,32,sgd,1006,0.1,38.95,0.45631426850309886,0.4893214421539922,0.9905660377358491,0.9722222222222222,0.9751724137931035,1.0723343010052493,0.05
wine,32,sgd,1000,0.1,19.05,0.4976798072262243,0.4599173161571005,0.9811320754716981,1.0,1.0,0.9241229189514645,0.1
wine,32,sgd,1008,0.1,39.24,0.49002606714735153,0.44606806897884316,0.9811320754716981,1.0,1.0,0.9102945718287877,0.05
wine,32,sgd,1003,0.1,19.1,0.47186771237102715,0.46732806884635786,0.9811320754716981,0.9722222222222222,0.9696394686907022,0.9903794148112856,0.1
wine,32,sgd,1005,0.1,19.06,0.48182388383215397,0.4995216614609705,0.9811320754716981,1.0,1.0,1.0367308019022603,0.1
wine,32,sgd,1001,0.1,39.4,0.45750705114362944,0.5176013034630264,0.9905660377358491,0.9722222222222222,0.9717813051146384,1.1313515325483605,0.1
wine,32,sgd,1002,0.1,37.74,0.451427480998825,0.49249578378131775,0.9905660377358491,0.9722222222222222,0.9751724137931035,1.0909743081914847,0.1
wine,32,sgd,1007,0.1,19.2,0.4669947658667911,0.46345371475057134,0.9811320754716981,0.9722222222222222,0.9740129935032483,0.9924173644438022,0.1
wine,32,sgd,1008,0.1,19.04,0.49102199998276297,0.44621012657920545,0.9622641509433962,1.0,1.0,0.9087375445394898,0.1
wine,32,sgd,1004,0.1,39.45,0.4542453295519875,0.49180734654317454,0.9811320754716981,1.0,1.0,1.0826910362033522,0.1
wine,32,sgd,1006,0.1,39.62,0.4579336654145128,0.4912184410408185,0.9905660377358491,0.9722222222222222,0.9751724137931035,1.072684709904822,0.1
wine,32,sgd,1001,0.1,19.41,0.4792484886903555,0.5422287636091019,0.8867924528301887,0.8611111111111112,0.86528442317916,1.1314146552467026,0.5
wine,32,sgd,1002,0.1,19.24,0.453054444471159,0.4943013043213989,0.9905660377358491,0.9722222222222222,0.9751724137931035,1.0910417287670282,0.5
wine,32,sgd,1009,0.1,39.69,0.46010208622868,0.4793878796584132,0.9905660377358491,0.9722222222222222,0.9717813051146384,1.0419163355415602,0.1
wine,32,sgd,1000,0.1,39.67,0.5096279435695263,0.47020071852423295,0.9811320754716981,1.0,1.0,0.9226352762975711,0.5
wine,32,sgd,1005,0.1,19.26,0.5042767715106506,0.5282707058006412,0.9245283018867925,0.8888888888888888,0.8920634920634921,1.0475808834464304,0.5
wine,32,sgd,1006,0.1,19.11,0.5325465798372483,0.5754005855341542,0.8301886792452831,0.75,0.7485407066052226,1.0804699669839257,0.5
wine,32,sgd,1003,0.1,39.83,0.4748480585047164,0.4649305616162633,0.9811320754716981,0.9722222222222222,0.9696394686907022,0.9791143783557144,0.5
wine,32,sgd,1004,0.1,39.85,0.4896890447946296,0.535584458441144,0.9528301886792453,0.9444444444444444,0.9505494505494506,1.0937235867013575,0.5
wine,32,sgd,1009,0.1,19.59,0.4579518339483267,0.47610336244757423,0.9905660377358491,0.9722222222222222,0.9717813051146384,1.0396363266912818,0.5
wine,32,sgd,1008,0.1,37.11,0.5312703024678858,0.481662840312725,0.8113207547169812,0.9166666666666666,0.9089184060721062,0.9066248161722545,0.5
wine,32,sgd,1007,0.1,40.13,0.5068248150165332,0.5009549490044158,0.8867924528301887,0.9444444444444444,0.9474747474747475,0.9884183531701661,0.5
cancer,32,sgd,1000,0.0,56.08,0.026786422628519282,0.17839772221600925,0.9912023460410557,0.9473684210526315,0.942866688940862,6.660005506897015,0.001
cancer,32,sgd,1003,0.0,54.97,0.029933829402022362,0.0835677336907615,0.9912023460410557,0.9649122807017544,0.9623015873015872,2.791748846043586,0.001
cancer,32,sgd,1006,0.0,47.88,0.00933612518298838,0.16010314805241513,1.0,0.9824561403508771,0.9811507936507937,17.148779061375873,0.001
cancer,32,sgd,1001,0.0,106.63,0.021316702563241415,0.05121639643289822,0.9941348973607038,0.9736842105263158,0.9715828832571666,2.4026416037354634,0.001
cancer,32,sgd,1002,0.0,106.11,0.018481160416317324,0.11480985124555444,0.9941348973607038,0.9649122807017544,0.9629870129870131,6.212264200909534,0.001
cancer,32,sgd,1007,0.0,48.35,0.02638665786750474,0.06869284029277255,0.9941348973607038,0.9824561403508771,0.9809555629802873,2.6033172005981107,0.001
cancer,32,sgd,1004,0.0,104.11,0.023577312988559567,0.07062427213529643,0.9941348973607038,0.9824561403508771,0.981329839502129,2.995433456287639,0.001
cancer,32,sgd,1005,0.0,103.88,0.02186635085880502,0.10273380974649979,0.9970674486803519,0.9649122807017544,0.9619111259605746,4.698260373204041,0.001
cancer,32,sgd,1008,0.0,49.88,0.035729824134951314,0.07503087794858074,0.9882697947214076,0.9736842105263158,0.9715828832571666,2.099950944767867,0.001
cancer,32,sgd,1001,0.0,52.46,0.0012109449398977794,0.10913025758859005,1.0,0.9736842105263158,0.9715828832571666,90.11991709367244,0.01
cancer,32,sgd,1004,0.0,54.96,0.0010118564897409934,0.13237175669112947,1.0,0.9736842105263158,0.9721203228173148,130.82068260985596,0.01
cancer,32,sgd,1009,0.0,109.43,0.02476973788701375,0.03743687406635509,0.9941348973607038,0.9912280701754386,0.9905276277523889,1.5113956488809859,0.001
cancer,32,sgd,1000,0.0,110.83,0.001292015427134608,0.3384256731485624,1.0,0.9385964912280702,0.933693394266722,261.9362478504707,0.01
cancer,32,sgd,1005,0.0,56.26,0.0009653693351814255,0.1693835533202017,1.0,0.9649122807017544,0.9619111259605746,175.45984438004632,0.01
cancer,32,sgd,1002,0.0,112.69,0.0009579587135664909,0.1843482261734902,1.0,0.9649122807017544,0.9629870129870131,192.43859214679483,0.01
cancer,32,sgd,1003,0.0,112.45,0.001491718452810537,0.09388145887684894,1.0,0.9824561403508771,0.9811507936507937,62.935105951104575,0.01
cancer,32,sgd,1006,0.0,55.68,0.0005581300701886885,0.2574516348759752,1.0,0.9649122807017544,0.9623015873015872,461.27533459886484,0.01
cancer,32,sgd,1009,0.0,56.04,0.0012033630957943475,0.03180047263918022,1.0,0.9912280701754386,0.9905276277523889,26.426331961084884,0.01
cancer,32,sgd,1002,0.0,55.35,0.00012415104541272748,0.23680174218493577,1.0,0.9649122807017544,0.9629870129870131,1907.3680885868705,0.05
cancer,32,sgd,1007,0.0,113.52,0.001413476089106689,0.13658276669406513,1.0,0.9736842105263158,0.9712773998488284,96.62898986878857,0.01
cancer,32,sgd,1008,0.0,113.07,0.00173934251517576,0.12012634548313991,1.0,0.9736842105263158,0.9712773998488284,69.0642265310241,0.01
cancer,32,sgd,1003,0.0,53.24,0.00018357107630567862,0.10920095728579482,1.0,0.9824561403508771,0.9811507936507937,594.8701695465124,0.05
cancer,32,sgd,1000,0.0,110.4,0.00015606514014165508,0.43915008412438,1.0,0.9385964912280702,0.933693394266722,2813.889659957235,0.05
cancer,32,sgd,1001,0.0,109.85,0.00015153033196729017,0.11658878737884275,1.0,0.9736842105263158,0.9715828832571666,769.408908864596,0.05
cancer,32,sgd,1004,0.0,48.15,0.0001427772579237914,0.1687789093586312,1.0,0.9736842105263158,0.9721203228173148,1182.1133968598726,0.05
cancer,32,sgd,1007,0.0,48.52,0.00017155874803896615,0.1898882289526335,1.0,0.9649122807017544,0.9614864864864865,1106.8408409549838,0.05
cancer,32,sgd,1000,0.0,50.44,6.755796330884887e-05,0.4750419928134391,1.0,0.9385964912280702,0.933693394266722,7031.620989545391,0.1
cancer,32,sgd,1005,0.0,102.75,0.00013147352065248614,0.23089008823314314,1.0,0.956140350877193,0.9526381387619444,1756.1717909984109,0.05
cancer,32,sgd,1006,0.0,104.12,7.738716846555343e-05,0.322736406583554,1.0,0.9736842105263158,0.9715828832571666,4170.4123950110725,0.05
cancer,32,sgd,1001,0.0,53.26,6.563017974541296e-05,0.11930855696362581,1.0,0.9824561403508771,0.9811507936507937,1817.8916685347726,0.1
cancer,32,sgd,1008,0.0,106.46,0.00021183924332476197,0.14399130537002736,1.0,0.9649122807017544,0.9619111259605746,679.7196926788502,0.05
cancer,32,sgd,1009,0.0,106.4,0.00015622338330580543,0.041291983012743144,1.0,0.9912280701754386,0.9905276277523889,264.3137162886466,0.05
cancer,32,sgd,1002,0.0,55.2,5.4629419783734854e-05,0.25767515288473997,1.0,0.9649122807017544,0.9629870129870131,4716.783628762961,0.1
cancer,32,sgd,1005,0.0,55.93,5.928703604247088e-05,0.2578069863691514,1.0,0.956140350877193,0.9526381387619444,4348.454629853122,0.1
cancer,32,sgd,1008,0.0,55.11,9.201254270774918e-05,0.1407998624625531,1.0,0.9649122807017544,0.9619111259605746,1530.2246663236176,0.1
cancer,32,sgd,1003,0.0,114.2,8.012892772158518e-05,0.1162759509066552,1.0,0.9824561403508771,0.9811507936507937,1451.1107812482646,0.1
cancer,32,sgd,1009,0.0,55.9,6.882364931060619e-05,0.04484191152774296,1.0,0.9912280701754386,0.9905276277523889,651.5480067813335,0.1
cancer,32,sgd,1004,0.0,114.55,6.374647064254461e-05,0.18039794951487037,1.0,0.9736842105263158,0.9721203228173148,2829.9284289234383,0.1
cancer,32,sgd,1006,0.0,114.23,3.449480256829598e-05,0.3489852040130753,1.0,0.9736842105263158,0.9715828832571666,10117.037293433477,0.1
cancer,32,sgd,1007,0.0,114.13,7.373232023544927e-05,0.21136421311555834,1.0,0.9649122807017544,0.9614864864864865,2866.6426397624464,0.1
cancer,32,sgd,1000,0.0,55.45,1.0792463515786057e-05,0.5720055173719678,1.0,0.9385964912280702,0.933693394266722,53000.45874932072,0.5
cancer,32,sgd,1002,0.0,53.0,8.755433002082977e-06,0.30492062454295743,1.0,0.9649122807017544,0.9629870129870131,34826.44712950401,0.5
cancer,32,sgd,1006,0.0,48.34,5.609108223983801e-06,0.40260478205141664,1.0,0.9736842105263158,0.9715828832571666,71776.96809805383,0.5
cancer,32,sgd,1001,0.0,104.84,1.031580877006476e-05,0.12637968997078905,1.0,0.9824561403508771,0.9811507936507937,12251.069478675076,0.5
cancer,32,sgd,1003,0.0,99.76,1.2860479070044159e-05,0.131855484429611,1.0,0.9824561403508771,0.9811507936507937,10252.766145916075,0.5
cancer,32,sgd,1007,0.0,54.35,1.1476079664394522e-05,0.2527385236667685,1.0,0.9649122807017544,0.9614864864864865,22023.071559089167,0.5
cancer,32,sgd,1004,0.0,97.24,1.0303761207487439e-05,0.212041535810235,1.0,0.9649122807017544,0.9626596790042581,20579.04211290831,0.5
cancer,32,sgd,1005,0.0,103.15,9.890625126130785e-06,0.31670633075715066,1.0,0.956140350877193,0.9526381387619444,32020.860837240754,0.5
cancer,32,sgd,1008,0.0,52.3,1.4635967087856143e-05,0.13786117274869802,1.0,0.9649122807017544,0.9619111259605746,9419.341538632261,0.5
cancer,32,sgd,1001,1e-05,55.05,0.021399273704382313,0.051240983296392005,0.9941348973607038,0.9736842105263158,0.9715828832571666,2.394519739513331,0.001
cancer,32,sgd,1004,1e-05,55.87,0.023664605858005755,0.070581150967848,0.9941348973607038,0.9824561403508771,0.981329839502129,2.982561864387458,0.001
cancer,32,sgd,1009,0.0,113.37,1.1301636351049348e-05,0.05280622023946656,1.0,0.9912280701754386,0.9905276277523889,4672.440220089327,0.5
cancer,32,sgd,1000,1e-05,113.79,0.026864845921459494,0.17803976371044253,0.9912023460410557,0.9473684210526315,0.942866688940862,6.627239338388512,0.001
cancer,32,sgd,1005,1e-05,57.02,0.021957845908476718,0.10264413173755367,0.9970674486803519,0.9649122807017544,0.9619111259605746,4.6745993284308645,0.001
cancer,32,sgd,1002,1e-05,114.94,0.018543481691264137,0.11462258226801027,0.9941348973607038,0.9649122807017544,0.9629870129870131,6.181286997576574,0.001
cancer,32,sgd,1003,1e-05,115.24,0.030019860555976725,0.0835627643701128,0.9912023460410557,0.9649122807017544,0.9623015873015872,2.7835826956723184,0.001
cancer,32,sgd,1006,1e-05,56.78,0.009383992560715404,0.159764957919425,1.0,0.9824561403508771,0.9811507936507937,17.025264767179767,0.001
cancer,32,sgd,1009,1e-05,56.5,0.024870693984548258,0.037423392089444826,0.9941348973607038,0.9912280701754386,0.9905276277523889,1.5047184494608532,0.001
cancer,32,sgd,1002,1e-05,55.94,0.0010652318385870072,0.18106010198079298,1.0,0.9649122807017544,0.9629870129870131,169.97248431943498,0.01
cancer,32,sgd,1007,1e-05,114.16,0.02649072963576086,0.0686608833939288,0.9941348973607038,0.9824561403508771,0.9809555629802873,2.591883437640042,0.001
cancer,32,sgd,1008,1e-05,114.02,0.03583810529567778,0.07502174440948323,0.9882697947214076,0.9736842105263158,0.9715828832571666,2.093351302769099,0.001
cancer,32,sgd,1003,1e-05,54.06,0.001634511724380198,0.09269869889459655,1.0,0.9824561403508771,0.9811507936507937,56.7133887826639,0.01
cancer,32,sgd,1000,1e-05,111.5,0.0014234259504882856,0.3317030007336435,1.0,0.9385964912280702,0.933693394266722,233.03144123504114,0.01
cancer,32,sgd,1001,1e-05,110.76,0.0013359229358664748,0.10735575309803252,1.0,0.9736842105263158,0.9715828832571666,80.36073804541874,0.01
cancer,32,sgd,1004,1e-05,51.01,0.0011287648303447766,0.1310656130331759,1.0,0.9736842105263158,0.9721203228173148,116.11418916475493,0.01
cancer,32,sgd,1007,1e-05,51.78,0.0015499921610150405,0.13465732707404252,1.0,0.9736842105263158,0.9712773998488284,86.87613425467889,0.01
cancer,32,sgd,1000,1e-05,53.81,0.0003040470997021882,0.39577154306224643,1.0,0.9385964912280702,0.933693394266722,1301.6784026221649,0.05
cancer,32,sgd,1001,1e-05,56.24,0.00029268353295274565,0.10111445856090939,1.0,0.9824561403508771,0.9811507936507937,345.4736846340943,0.05
cancer,32,sgd,1005,1e-05,111.29,0.00107397552361806,0.16596399754900437,1.0,0.9649122807017544,0.9619111259605746,154.53238355926115,0.01
cancer,32,sgd,1006,1e-05,111.67,0.0006245887303100139,0.2522277540367195,1.0,0.9736842105263158,0.9715828832571666,403.8301394127405,0.01
cancer,32,sgd,1008,1e-05,112.29,0.0019121951164158438,0.11861151772221923,1.0,0.9736842105263158,0.9712773998488284,62.028982661843,0.01
cancer,32,sgd,1009,1e-05,113.05,0.0013297689165611764,0.031117736306868614,1.0,0.9912280701754386,0.9905276277523889,23.400860043668374,0.01
cancer,32,sgd,1002,1e-05,56.11,0.00024703739996228245,0.21630419697932263,1.0,0.9649122807017544,0.9629870129870131,875.5929143212641,0.05
cancer,32,sgd,1003,1e-05,56.3,0.000348056057264403,0.10113439652981912,1.0,0.9824561403508771,0.9811507936507937,290.56927589394525,0.05
cancer,32,sgd,1008,1e-05,54.59,0.00040731958714966294,0.1210977815408917,1.0,0.9649122807017544,0.9619111259605746,297.30409575515034,0.05
cancer,32,sgd,1009,1e-05,50.19,0.0003004073241262845,0.035196066877081725,1.0,0.9912280701754386,0.9905276277523889,117.16114771651202,0.05
cancer,32,sgd,1004,1e-05,109.44,0.0002835018462106961,0.1553697433340153,1.0,0.9649122807017544,0.9626596790042581,548.0378537589694,0.05
cancer,32,sgd,1005,1e-05,109.18,0.00026699030870174515,0.21355793184344654,1.0,0.956140350877193,0.9526381387619444,799.8714742938931,0.05
cancer,32,sgd,1006,1e-05,107.0,0.00015952576344234535,0.2950526485344161,1.0,0.9736842105263158,0.9715828832571666,1849.5611126854246,0.05
cancer,32,sgd,1000,1e-05,48.62,0.0002433181129956162,0.4025666164512945,1.0,0.9385964912280702,0.933693394266722,1654.4868423278765,0.1
cancer,32,sgd,1007,1e-05,106.34,0.0003222827281980726,0.1781282291711313,1.0,0.9649122807017544,0.9614864864864865,552.707959768961,0.05
cancer,32,sgd,1001,1e-05,51.22,0.00023019726927463175,0.08874220295509258,1.0,0.9824561403508771,0.9811507936507937,385.5050202581711,0.1
cancer,32,sgd,1005,1e-05,53.04,0.00022105454827494925,0.22270553925600897,1.0,0.956140350877193,0.9526381387619444,1007.468703964445,0.1
cancer,32,sgd,1007,1e-05,56.83,0.00024878633882213173,0.19112033964273278,1.0,0.9649122807017544,0.9614864864864865,768.2107488199869,0.1
cancer,32,sgd,1003,1e-05,105.75,0.000273925200795698,0.1033934377733068,1.0,0.9824561403508771,0.9811507936507937,377.45135340950566,0.1
cancer,32,sgd,1002,1e-05,108.6,0.00019863174223359547,0.21760355303995152,1.0,0.9649122807017544,0.9629870129870131,1095.5124825117064,0.1
cancer,32,sgd,1004,1e-05,112.36,0.0002292862720969742,0.16140247326646628,1.0,0.9649122807017544,0.9626596790042581,703.9343079301443,0.1
cancer,32,sgd,1006,1e-05,113.17,0.0001317397528200531,0.29947781596490275,1.0,0.9736842105263158,0.9715828832571666,2273.253209864206,0.1
cancer,32,sgd,1008,1e-05,84.42,0.0003210816446320929,0.10476449403106512,1.0,0.9649122807017544,0.9619111259605746,326.2861511473448,0.1
cancer,32,sgd,1009,1e-05,56.66,0.0002380726746664391,0.03346656422259663,1.0,0.9912280701754386,0.9905276277523889,140.5728913218884,0.1
cancer,32,sgd,1000,1e-05,56.01,0.00022780568511587723,0.41452327361162455,1.0,0.9298245614035088,0.9246031746031746,1819.635332633469,0.5
cancer,32,sgd,1005,1e-05,55.35,0.0002103461653161498,0.21441095341678404,1.0,0.956140350877193,0.9526381387619444,1019.3242795490228,0.5
cancer,32,sgd,1006,1e-05,54.66,0.000125761450134158,0.2900406095410445,1.0,0.9649122807017544,0.9623015873015872,2306.2759631957097,0.5
cancer,32,sgd,1001,1e-05,114.2,0.00020812768571579963,0.040805568611160144,1.0,0.9912280701754386,0.9905276277523889,196.0602620973768,0.5
cancer,32,sgd,1002,1e-05,110.76,0.00018024586694723586,0.1952186198880081,1.0,0.9736842105263158,0.9721203228173148,1083.0684952413098,0.5
cancer,32,sgd,1003,1e-05,109.51,0.00024332052307758046,0.12592227924011565,1.0,0.9824561403508771,0.9811507936507937,517.5160633694944,0.5
cancer,32,sgd,1004,1e-05,106.53,0.00020982437351977493,0.1985379622654866,1.0,0.9649122807017544,0.9626596790042581,946.2101992015496,0.5
cancer,32,sgd,1007,1e-05,47.12,0.00021886797559023322,0.2253874004510533,1.0,0.956140350877193,0.951575906889814,1029.7870204320152,0.5
cancer,32,sgd,1008,1e-05,46.61,0.0002937948943827245,0.11678255894932021,1.0,0.9736842105263158,0.9715828832571666,397.4968972646217,0.5
cancer,32,sgd,1003,0.0001,49.83,0.030794634948345057,0.08353628711241538,0.9912023460410557,0.9649122807017544,0.9623015873015872,2.7126896374170117,0.001
cancer,32,sgd,1004,0.0001,50.15,0.024452119466663563,0.0702223317819861,0.9941348973607038,0.9824561403508771,0.981329839502129,2.871830062736389,0.001
cancer,32,sgd,1009,1e-05,101.13,0.00021750380455857481,0.0271384352398209,1.0,0.9912280701754386,0.9905276277523889,124.7722323519743,0.5
cancer,32,sgd,1000,0.0001,103.17,0.02757072488957632,0.1748745366594516,0.9912023460410557,0.9473684210526315,0.942866688940862,6.342761656062461,0.001
cancer,32,sgd,1001,0.0001,104.5,0.022144491723184907,0.05145333583656154,0.9941348973607038,0.9736842105263158,0.9715828832571666,2.3235275155442277,0.001
cancer,32,sgd,1002,0.0001,108.53,0.019105368428934153,0.11298766018873123,0.9941348973607038,0.9736842105263158,0.9721203228173148,5.9139220794934735,0.001
cancer,32,sgd,1005,0.0001,56.39,0.02278674177744835,0.10187570315741337,0.9941348973607038,0.9649122807017544,0.9619111259605746,4.470832388079195,0.001
cancer,32,sgd,1006,0.0001,55.8,0.009818374694150459,0.1567930392475223,1.0,0.9824561403508771,0.9811507936507937,15.969347690604604,0.001
cancer,32,sgd,1001,0.0001,56.47,0.002710313028738023,0.091112638885077,1.0,0.9736842105263158,0.9715828832571666,33.617016897675796,0.01
cancer,32,sgd,1002,0.0001,56.15,0.0022639293900393776,0.15863015990172413,1.0,0.9649122807017544,0.9629870129870131,70.06851035180254,0.01
cancer,32,sgd,1007,0.0001,115.6,0.027431755045782887,0.06840038423188859,0.9941348973607038,0.9824561403508771,0.9809555629802873,2.4934745924105157,0.001
cancer,32,sgd,1008,0.0001,115.35,0.03681081608905851,0.07496835327447308,0.9882697947214076,0.9736842105263158,0.9715828832571666,2.0365849290898055,0.001
cancer,32,sgd,1009,0.0001,115.42,0.025784368978499304,0.03731625373703786,0.9941348973607038,0.9912280701754386,0.9905276277523889,1.4472432413666823,0.001
cancer,32,sgd,1003,0.0001,56.11,0.0031923958421473443,0.0854649933279559,1.0,0.9736842105263158,0.9715828832571666,26.771427339808973,0.01
cancer,32,sgd,1004,0.0001,55.62,0.0024435691989579027,0.1186534558030278,1.0,0.9649122807017544,0.9626596790042581,48.55743633273384,0.01
cancer,32,sgd,1000,0.0001,115.57,0.0028502626715829083,0.2842337680663861,1.0,0.9385964912280702,0.933693394266722,99.7219557692679,0.01
cancer,32,sgd,1008,0.0001,55.16,0.003788705189556654,0.10504557856038903,1.0,0.9736842105263158,0.9712773998488284,27.725983760874577,0.01
cancer,32,sgd,1009,0.0001,54.97,0.0027050173437833877,0.025958606591189735,1.0,0.9912280701754386,0.9905276277523889,9.596465860319618,0.01
cancer,32,sgd,1005,0.0001,112.33,0.002320006073318578,0.14640207299333374,1.0,0.9649122807017544,0.9619111259605746,63.10417661274378,0.01
cancer,32,sgd,1006,0.0001,110.15,0.0013861807911089274,0.21519679613403894,1.0,0.9736842105263158,0.9715828832571666,155.24439345453936,0.01
cancer,32,sgd,1007,0.0001,109.22,0.0029887078235796448,0.12441288609906892,1.0,0.9736842105263158,0.9712773998488284,41.62765095922181,0.01
cancer,32,sgd,1000,0.0001,96.71,0.002193500559469764,0.29845064153284506,1.0,0.9298245614035088,0.9246031746031746,136.0613473492752,0.05
cancer,32,sgd,1001,0.0001,48.76,0.0020181875140040367,0.0393568850139017,1.0,0.9824561403508771,0.9811507936507937,19.501104204048197,0.05
cancer,32,sgd,1002,0.0001,64.22,0.0017639106214069017,0.15200589791539248,1.0,0.9736842105263158,0.9721203228173148,86.17551029550013,0.05
cancer,32,sgd,1003,0.0001,64.92,0.0023693886266854306,0.10012861077130941,1.0,0.9649122807017544,0.9619111259605746,42.25926031871803,0.05
cancer,32,sgd,1007,0.0001,52.31,0.0020987561538867005,0.1573069355554964,1.0,0.956140350877193,0.951575906889814,74.95245946708894,0.05
cancer,32,sgd,1006,0.0001,76.76,0.001213338499769347,0.21024509857021348,1.0,0.9736842105263158,0.9715828832571666,173.27818956555043,0.05
cancer,32,sgd,1004,0.0001,108.44,0.002024066195526399,0.13733557746176533,1.0,0.9649122807017544,0.9626596790042581,67.85132707878087,0.05
cancer,32,sgd,1005,0.0001,109.58,0.001994242920050279,0.15070541117158417,1.0,0.9649122807017544,0.9619111259605746,75.57023753544759,0.05
cancer,32,sgd,1000,0.0001,56.9,0.0021491762342845276,0.2855639224702661,1.0,0.9385964912280702,0.933693394266722,132.87133828991546,0.1
cancer,32,sgd,1008,0.0001,107.1,0.0028203354892464357,0.07736824643773235,1.0,0.9736842105263158,0.9715828832571666,27.432284823109587,0.05
cancer,32,sgd,1009,0.0001,103.93,0.0020655919940402922,0.020611203036391752,1.0,0.9912280701754386,0.9905276277523889,9.978351531115443,0.05
cancer,32,sgd,1001,0.0001,67.61,0.0019170262639676705,0.05316044115303048,1.0,0.9824561403508771,0.9811507936507937,27.730679621991346,0.1
cancer,32,sgd,1004,0.0001,56.55,0.0019348397760868212,0.14931090666692856,1.0,0.9649122807017544,0.9626596790042581,77.1696491421668,0.1
cancer,32,sgd,1005,0.0001,56.11,0.0019662019804336205,0.15373774459925849,1.0,0.9649122807017544,0.9619111259605746,78.19020941345691,0.1
cancer,32,sgd,1002,0.0001,115.66,0.0017006485294459902,0.14558157881614595,1.0,0.9736842105263158,0.9721203228173148,85.60356610755495,0.1
cancer,32,sgd,1003,0.0001,115.68,0.00226824748337662,0.11199495127221389,1.0,0.9649122807017544,0.9619111259605746,49.37510218483431,0.1
cancer,32,sgd,1008,0.0001,56.45,0.0027182257412365542,0.07308734162378819,1.0,0.9736842105263158,0.9715828832571666,26.88788518003654,0.1
cancer,32,sgd,1009,0.0001,56.03,0.0020039091587956627,0.022478880482253293,1.0,0.9912280701754386,0.9905276277523889,11.217514717964043,0.1
cancer,32,sgd,1006,0.0001,114.62,0.0012034229284648187,0.2089450246776999,1.0,0.9736842105263158,0.9715828832571666,173.6255972322604,0.1
cancer,32,sgd,1007,0.0001,113.89,0.0020209369229022053,0.16532924254023848,1.0,0.956140350877193,0.951575906889814,81.80821512371314,0.1
cancer,32,sgd,1002,0.0001,51.45,0.0016121920450440832,0.13607480804652877,1.0,0.9736842105263158,0.9721203228173148,84.4035972419204,0.5
cancer,32,sgd,1005,0.0001,49.58,0.0019002111678420874,0.14965151011289352,1.0,0.9649122807017544,0.9619111259605746,78.75519976174036,0.5
cancer,32,sgd,1000,0.0001,106.62,0.0020433824657182303,0.2578268594879851,1.0,0.956140350877193,0.9531057178116001,126.17650577585891,0.5
cancer,32,sgd,1001,0.0001,106.26,0.0018185349134039461,0.049747864087597064,1.0,0.9824561403508771,0.9811507936507937,27.35601264562948,0.5
cancer,32,sgd,1003,0.0001,84.11,0.0021399839785466944,0.12669865455873333,1.0,0.9649122807017544,0.9619111259605746,59.20542201665309,0.5
cancer,32,sgd,1006,0.0001,51.47,0.001176453894607217,0.21268081852499526,1.0,0.9736842105263158,0.9715828832571666,180.78126095710965,0.5
cancer,32,sgd,1004,0.0001,101.93,0.0018405263670685324,0.14593527976909143,1.0,0.956140350877193,0.9535338713621913,79.28996964141699,0.5
cancer,32,sgd,1007,0.0001,56.01,0.0019473494238363847,0.16601528379498565,1.0,0.956140350877193,0.951575906889814,85.25192333891802,0.5
cancer,32,sgd,1001,0.001,61.41,0.029680406889680284,0.05241293350034275,0.9941348973607038,0.9736842105263158,0.9715828832571666,1.7659102078740854,0.001
cancer,32,sgd,1002,0.001,56.69,0.024791183844898444,0.10078842798049888,0.9941348973607038,0.9736842105263158,0.9721203228173148,4.065494758582867,0.001
cancer,32,sgd,1008,0.0001,115.56,0.002541887070904425,0.03374885399588781,1.0,0.9824561403508771,0.9809555629802873,13.277086296315941,0.5
cancer,32,sgd,1009,0.0001,116.13,0.001883145427968203,0.045634646999916574,1.0,0.9824561403508771,0.9811507936507937,24.233203831290673,0.5
cancer,32,sgd,1000,0.001,116.38,0.03452071545518869,0.14884961085191536,0.9882697947214076,0.9473684210526315,0.942866688940862,4.311892406898023,0.001
cancer,32,sgd,1004,0.001,57.53,0.032324144380174856,0.06909720571034428,0.9941348973607038,0.9736842105263158,0.9718634306869601,2.1376344845410102,0.001
cancer,32,sgd,1005,0.001,57.41,0.03136986380256075,0.09742731887496223,0.9941348973607038,0.9649122807017544,0.9619111259605746,3.1057616152929914,0.001
cancer,32,sgd,1003,0.001,117.37,0.03850725020119548,0.08490569912228002,0.9912023460410557,0.9736842105263158,0.9715828832571666,2.20492760918161,0.001
cancer,32,sgd,1009,0.001,54.13,0.03521972364531483,0.03712063521990044,0.9941348973607038,0.9912280701754386,0.9905276277523889,1.0539729270373897,0.001
cancer,32,sgd,1000,0.001,50.79,0.021465576150142423,0.18381580618210372,0.9941348973607038,0.9649122807017544,0.9623015873015872,8.563283132788593,0.01
cancer,32,sgd,1006,0.001,108.04,0.014415169103223786,0.13344085134616007,1.0,0.9824561403508771,0.9811507936507937,9.256974399025092,0.001
cancer,32,sgd,1007,0.001,106.92,0.03701953751341191,0.06804492952443,0.9941348973607038,0.9824561403508771,0.9809555629802873,1.8380815670584167,0.001
cancer,32,sgd,1008,0.001,106.85,0.04622165206965452,0.07681279897612382,0.9882697947214076,0.9736842105263158,0.9715828832571666,1.661835861261935,0.001
cancer,32,sgd,1002,0.001,55.85,0.018063323244914678,0.10948038175492893,0.9970674486803519,0.9736842105263158,0.9721203228173148,6.060921363722517,0.01
cancer,32,sgd,1001,0.001,82.26,0.01893993183231499,0.054451466117011564,0.9941348973607038,0.9824561403508771,0.9811507936507937,2.8749557600892413,0.01
cancer,32,sgd,1003,0.001,49.99,0.02231305944828627,0.08744691118715714,0.9912023460410557,0.9736842105263158,0.9715828832571666,3.9190910323090367,0.01
cancer,32,sgd,1009,0.001,56.33,0.01950957392060122,0.03059703622541497,0.9941348973607038,0.9912280701754386,0.9905276277523889,1.5683087877744935,0.01
cancer,32,sgd,1008,0.001,67.37,0.02817823154779131,0.061760029771487514,0.9912023460410557,0.9736842105263158,0.9715828832571666,2.191763868031968,0.01
cancer,32,sgd,1006,0.001,85.94,0.010518562134275771,0.12940458199423163,1.0,0.9736842105263158,0.9715828832571666,12.302497275036675,0.01
cancer,32,sgd,1004,0.001,111.4,0.018813504654697537,0.07826155420179919,0.9941348973607038,0.9736842105263158,0.9718634306869601,4.159860463970389,0.01
cancer,32,sgd,1005,0.001,112.62,0.018894401279166705,0.1071742665561437,0.9941348973607038,0.9649122807017544,0.9619111259605746,5.672276404667869,0.01
cancer,32,sgd,1007,0.001,115.04,0.019793580584201022,0.08336402107016051,0.9941348973607038,0.9649122807017544,0.9614864864864865,4.211669572138988,0.01
cancer,32,sgd,1000,0.001,56.14,0.020781924556313273,0.1727077557075377,0.9941348973607038,0.9736842105263158,0.9715828832571666,8.31047938989228,0.05
cancer,32,sgd,1002,0.001,55.48,0.01674108367568161,0.10961850310645388,0.9970674486803519,0.9736842105263158,0.9721203228173148,6.54787379539161,0.05
cancer,32,sgd,1001,0.001,89.88,0.017501391011411814,0.044000219269125306,0.9941348973607038,0.9824561403508771,0.9811507936507937,2.5140984074028676,0.05
cancer,32,sgd,1005,0.001,61.13,0.01846327527694561,0.10875254894018388,0.9941348973607038,0.9649122807017544,0.9619111259605746,5.890208931455355,0.05
cancer,32,sgd,1003,0.001,100.29,0.020860885514585807,0.08739155501138599,0.9912023460410557,0.9736842105263158,0.9715828832571666,4.189254332002461,0.05
cancer,32,sgd,1004,0.001,100.42,0.017492442674276,0.08533972520949183,0.9970674486803519,0.9736842105263158,0.9718634306869601,4.878662562947286,0.05
cancer,32,sgd,1006,0.001,77.16,0.01048644935151232,0.13199128704989085,1.0,0.9736842105263158,0.9715828832571666,12.586842564671857,0.05
cancer,32,sgd,1008,0.001,47.36,0.026589079891410648,0.06095961630885751,0.9941348973607038,0.9736842105263158,0.9715828832571666,2.292656103852241,0.05
cancer,32,sgd,1007,0.001,79.21,0.018852507796827175,0.08593485683421723,0.9941348973607038,0.9649122807017544,0.9614864864864865,4.5582719158816545,0.05
cancer,32,sgd,1009,0.001,48.82,0.01801160559800667,0.038047503303883165,1.0,0.9824561403508771,0.9811507936507937,2.112388209749266,0.05
cancer,32,sgd,1003,0.001,54.0,0.020742616082922914,0.0881229780704437,0.9912023460410557,0.9736842105263158,0.9715828832571666,4.248402309436466,0.1
cancer,32,sgd,1005,0.001,55.9,0.018340717565519964,0.11094152415595873,0.9941348973607038,0.9649122807017544,0.9619111259605746,6.048919501629843,0.1
cancer,32,sgd,1000,0.001,110.79,0.020664999885993234,0.1726677001581436,0.9941348973607038,0.9736842105263158,0.9715828832571666,8.355562599116103,0.1
cancer,32,sgd,1001,0.001,112.12,0.017320648558800715,0.04517881355616402,0.9941348973607038,0.9824561403508771,0.9811507936507937,2.608378860802439,0.1
cancer,32,sgd,1002,0.001,112.68,0.016740705955289887,0.11052669863707949,0.9970674486803519,0.9736842105263158,0.9721203228173148,6.602272265713753,0.1
cancer,32,sgd,1006,0.001,56.33,0.010469237130592031,0.13412211863087223,1.0,0.9736842105263158,0.9715828832571666,12.811068940157599,0.1
cancer,32,sgd,1004,0.001,113.84,0.017336242621755614,0.08539389232767829,0.9970674486803519,0.9736842105263158,0.9718634306869601,4.925743956796942,0.1
cancer,32,sgd,1007,0.001,56.1,0.018720942387899637,0.08615854134827289,0.9941348973607038,0.9649122807017544,0.9614864864864865,4.602254499963733,0.1
cancer,32,sgd,1001,0.001,57.18,0.01690671151366349,0.046171894781939456,0.9970674486803519,0.9824561403508771,0.9811507936507937,2.7309802231276454,0.5
cancer,32,sgd,1003,0.001,57.6,0.020500080866080458,0.09070382079169104,0.9912023460410557,0.9736842105263158,0.9715828832571666,4.424559170484545,0.5
cancer,32,sgd,1002,0.001,87.21,0.016413384512007072,0.111644225991608,0.9970674486803519,0.9736842105263158,0.9721203228173148,6.802023428497372,0.5
cancer,32,sgd,1008,0.001,113.69,0.026495220840076144,0.06269244683739339,0.9941348973607038,0.9736842105263158,0.9715828832571666,2.366179441032099,0.1
cancer,32,sgd,1009,0.001,111.0,0.017872241345700066,0.03920995356702392,1.0,0.9824561403508771,0.9811507936507937,2.193902421559317,0.1
cancer,32,sgd,1000,0.001,111.55,0.020271199125956464,0.17350488299286987,0.9970674486803519,0.9649122807017544,0.9623015873015872,8.559182015567286,0.5
cancer,32,sgd,1005,0.001,47.17,0.018024583213391333,0.11039423280505002,0.9941348973607038,0.9649122807017544,0.9619111259605746,6.124648292729056,0.5
cancer,32,sgd,1006,0.001,46.89,0.010315901741645605,0.13738698499247778,1.0,0.9736842105263158,0.9715828832571666,13.317981155039739,0.5
cancer,32,sgd,1004,0.001,93.84,0.01690226107952144,0.087468938919188,0.9970674486803519,0.9736842105263158,0.9718634306869601,5.174984489215128,0.5
cancer,32,sgd,1000,0.01,47.81,0.07336487803063672,0.12485261618552868,0.9824046920821115,0.9824561403508771,0.9809555629802873,1.7018036359767543,0.001
cancer,32,sgd,1001,0.01,49.52,0.07555973721596887,0.06893278541327487,0.9912023460410557,0.9736842105263158,0.9712773998488284,0.9122951978544804,0.001
cancer,32,sgd,1007,0.001,101.96,0.018343845178345693,0.08568837346057695,0.9941348973607038,0.9736842105263158,0.9712773998488284,4.671232919133512,0.5
cancer,32,sgd,1008,0.001,100.93,0.026272150512563104,0.06632707035128754,1.0,0.9736842105263158,0.9715828832571666,2.5246151935514582,0.5
cancer,32,sgd,1009,0.001,104.12,0.017448147627866728,0.037967541870396325,1.0,0.9824561403508771,0.9811507936507937,2.176021356545478,0.5
cancer,32,sgd,1003,0.01,54.33,0.07954669565648174,0.1273327724163073,0.9853372434017595,0.9649122807017544,0.9619111259605746,1.600729877783827,0.001
cancer,32,sgd,1006,0.01,55.9,0.05167679455574325,0.10940080805039325,0.9970674486803519,0.9824561403508771,0.9811507936507937,2.117020008514338,0.001
cancer,32,sgd,1002,0.01,112.35,0.06496961078665019,0.09372172980816201,0.9912023460410557,0.9736842105263158,0.9721203228173148,1.4425471951175632,0.001
cancer,32,sgd,1008,0.01,55.68,0.08924894189539466,0.08324448431543519,0.9824046920821115,0.9736842105263158,0.9715828832571666,0.9327223667592937,0.001
cancer,32,sgd,1004,0.01,101.59,0.07559123482366183,0.08600834025063558,0.9882697947214076,0.9824561403508771,0.9811507936507937,1.1378083775357637,0.001
cancer,32,sgd,1005,0.01,116.51,0.07711419012361838,0.11083419444650489,0.9882697947214076,0.956140350877193,0.9521289997480473,1.4372736621992845,0.001
cancer,32,sgd,1009,0.01,55.76,0.08166185154269098,0.05638930698032539,0.9824046920821115,0.9912280701754386,0.9905276277523889,0.69052202362625,0.001
cancer,32,sgd,1007,0.01,116.45,0.08236345791210718,0.09809743995429603,0.9824046920821115,0.9824561403508771,0.9809555629802873,1.1910311009401657,0.001
cancer,32,sgd,1001,0.01,55.46,0.07495110436363968,0.06596055102669583,0.9912023460410557,0.9736842105263158,0.9712773998488284,0.8800477536218219,0.01
cancer,32,sgd,1004,0.01,55.82,0.07459963514072883,0.08547179273475106,0.9882697947214076,0.9824561403508771,0.9811507936507937,1.1457400907325135,0.01
cancer,32,sgd,1000,0.01,116.56,0.07254231178957737,0.12563034135156398,0.9824046920821115,0.9824561403508771,0.9809555629802873,1.7318215845667895,0.01
cancer,32,sgd,1006,0.01,54.86,0.050580488281632474,0.10937340017067566,0.9970674486803519,0.9824561403508771,0.9811507936507937,2.1623634703106047,0.01
cancer,32,sgd,1002,0.01,114.11,0.064157839365094,0.09353600843605062,0.9912023460410557,0.9824561403508771,0.981329839502129,1.4579045890834694,0.01
cancer,32,sgd,1007,0.01,50.26,0.08173457760549209,0.09780059399351149,0.9824046920821115,0.9736842105263158,0.9712773998488284,1.1965632766289582,0.01
cancer,32,sgd,1003,0.01,110.82,0.07911262127971849,0.1249133465440344,0.9853372434017595,0.9649122807017544,0.9619111259605746,1.5789307006069015,0.01
cancer,32,sgd,1005,0.01,109.13,0.07619280649955272,0.10963141790805601,0.9882697947214076,0.956140350877193,0.9521289997480473,1.4388683518134955,0.01
cancer,32,sgd,1009,0.01,47.93,0.08064538438389228,0.055883609816015256,0.9824046920821115,0.9912280701754386,0.9905276277523889,0.6929548447558417,0.01
cancer,32,sgd,1001,0.01,50.56,0.07490106426916263,0.06598949578098304,0.9912023460410557,0.9736842105263158,0.9712773998488284,0.8810221380012012,0.05
cancer,32,sgd,1008,0.01,105.74,0.08843622761819203,0.08264851204411994,0.9824046920821115,0.9736842105263158,0.9715828832571666,0.9345549247186397,0.01
cancer,32,sgd,1004,0.01,53.43,0.0744778976793666,0.08530572258694068,0.9882697947214076,0.9824561403508771,0.9811507936507937,1.1453830632302315,0.05
cancer,32,sgd,1000,0.01,108.3,0.07249821242580252,0.1261004065914142,0.9824046920821115,0.9824561403508771,0.9809555629802873,1.7393588389571706,0.05
cancer,32,sgd,1005,0.01,55.56,0.07613121899490499,0.10954530629231345,0.9882697947214076,0.956140350877193,0.9521289997480473,1.4389012515305273,0.05
cancer,32,sgd,1002,0.01,112.4,0.06403756615885983,0.09351042457058961,0.9912023460410557,0.9824561403508771,0.981329839502129,1.4602432631280147,0.05
cancer,32,sgd,1007,0.01,56.22,0.08163875568319803,0.09804211128038506,0.9824046920821115,0.9736842105263158,0.9712773998488284,1.2009260854102286,0.05
cancer,32,sgd,1003,0.01,114.14,0.07893768275356806,0.12507694064239913,0.9853372434017595,0.9649122807017544,0.9619111259605746,1.5845023096620545,0.05
cancer,32,sgd,1009,0.01,55.41,0.08048703079871054,0.05547629113888985,0.9824046920821115,0.9912280701754386,0.9905276277523889,0.6892575187377717,0.05
cancer,32,sgd,1006,0.01,116.52,0.050532324522099624,0.1095733682680145,0.9970674486803519,0.9824561403508771,0.9811507936507937,2.1683817102079694,0.05
cancer,32,sgd,1001,0.01,55.75,0.07489757607231046,0.06605428991488652,0.9912023460410557,0.9736842105263158,0.9712773998488284,0.8819282729672571,0.1
cancer,32,sgd,1008,0.01,116.22,0.0883929716739068,0.08324280745098606,0.9824046920821115,0.9736842105263158,0.9715828832571666,0.9417355913553809,0.05
cancer,32,sgd,1003,0.01,54.01,0.0788266281021091,0.12529583723733206,0.9853372434017595,0.9649122807017544,0.9619111259605746,1.5895115680329301,0.1
cancer,32,sgd,1000,0.01,113.1,0.0725282386485296,0.12639475786336926,0.9824046920821115,0.9824561403508771,0.9809555629802873,1.7426971924118513,0.1
cancer,32,sgd,1005,0.01,51.03,0.07615243301536115,0.10946165456515668,0.9882697947214076,0.956140350877193,0.9521289997480473,1.4374019349201428,0.1
cancer,32,sgd,1002,0.01,110.85,0.06398281980665099,0.09360494349497232,0.9912023460410557,0.9824561403508771,0.981329839502129,1.4629699625280055,0.1
cancer,32,sgd,1007,0.01,46.35,0.08157205417445497,0.09856881092726719,0.9853372434017595,0.9736842105263158,0.9712773998488284,1.2083649470989404,0.1
cancer,32,sgd,1009,0.01,47.14,0.08043228431154266,0.05491469314979452,0.9824046920821115,0.9912280701754386,0.9905276277523889,0.6827444181131361,0.1
cancer,32,sgd,1004,0.01,102.5,0.07440589364586228,0.08520261989433414,0.9882697947214076,0.9824561403508771,0.9811507936507937,1.1451057936332207,0.1
cancer,32,sgd,1006,0.01,99.45,0.05046068274650029,0.10961809214268162,0.9970674486803519,0.9824561403508771,0.9811507936507937,2.1723465909760047,0.1
cancer,32,sgd,1001,0.01,48.01,0.07478149990878404,0.06763558827237923,0.9912023460410557,0.9736842105263158,0.9712773998488284,0.9044427880542494,0.5
cancer,32,sgd,1008,0.01,102.49,0.08849872601339452,0.08386861429575988,0.9853372434017595,0.9736842105263158,0.9715828832571666,0.9476816003324855,0.1
cancer,32,sgd,1002,0.01,51.32,0.06399577493180415,0.09555583459998473,0.9912023460410557,0.9736842105263158,0.9721203228173148,1.4931584890066874,0.5
cancer,32,sgd,1000,0.01,104.51,0.07227386899251029,0.12829756597581377,0.9824046920821115,0.9824561403508771,0.9809555629802873,1.7751584046110662,0.5
cancer,32,sgd,1005,0.01,54.22,0.07698299590008939,0.10974746695015226,0.9882697947214076,0.956140350877193,0.9521289997480473,1.4256065987946933,0.5
cancer,32,sgd,1007,0.01,55.51,0.08234583731285867,0.10390607809818994,0.9824046920821115,0.9649122807017544,0.9614864864864865,1.2618255092047566,0.5
cancer,32,sgd,1003,0.01,111.79,0.07824705193837693,0.12675344693897836,0.9853372434017595,0.9649122807017544,0.9619111259605746,1.619913387136967,0.5
cancer,32,sgd,1009,0.01,55.3,0.08128236939589054,0.05161890648296437,0.9824046920821115,0.9912280701754386,0.9905276277523889,0.6350566164176571,0.5
cancer,32,sgd,1004,0.01,115.21,0.07416782402959766,0.08553327276093348,0.9853372434017595,0.9824561403508771,0.9811507936507937,1.1532396140784753,0.5
cancer,32,sgd,1000,0.1,56.24,0.2292340127272741,0.24499087335575387,0.9501466275659824,0.9473684210526315,0.9422297297297297,1.0687370100144176,0.001
cancer,32,sgd,1006,0.01,116.57,0.05022047305854058,0.1111974058248735,0.9970674486803519,0.9824561403508771,0.9811507936507937,2.2141847547961935,0.5
cancer,32,sgd,1008,0.01,116.79,0.09009187464184634,0.08732679317087579,0.9853372434017595,0.9824561403508771,0.9811507936507937,0.969308203631427,0.5
cancer,32,sgd,1002,0.1,55.72,0.2265757667302196,0.2378172464810363,0.9413489736070382,0.9736842105263158,0.9715828832571666,1.0496146605307608,0.001
cancer,32,sgd,1004,0.1,55.01,0.22973647318166915,0.22687019456701146,0.9618768328445748,0.9385964912280702,0.9329805996472662,0.9875236240246836,0.001
cancer,32,sgd,1001,0.1,113.89,0.2327980119080609,0.2283048523416204,0.9560117302052786,0.9473684210526315,0.9415384615384615,0.9806993215723209,0.001
cancer,32,sgd,1003,0.1,109.32,0.2271431348575166,0.27541935986361077,0.9618768328445748,0.9035087719298246,0.890718954248366,1.2125365797930767,0.001
cancer,32,sgd,1006,0.1,74.16,0.21681954804044215,0.2429351668314922,0.9589442815249267,0.9298245614035088,0.9220512820512821,1.1204486358682881,0.001
cancer,32,sgd,1007,0.1,64.94,0.2343900177264496,0.24315682012108952,0.9589442815249267,0.9298245614035088,0.9210526315789473,1.0374026269534713,0.001
cancer,32,sgd,1008,0.1,47.01,0.24153095215028486,0.23472776956424488,0.9413489736070382,0.9649122807017544,0.9614864864864865,0.9718330817418095,0.001
cancer,32,sgd,1005,0.1,105.05,0.23362572191518569,0.2614640280851109,0.9501466275659824,0.9298245614035088,0.9210526315789473,1.119157710639548,0.001
cancer,32,sgd,1001,0.1,48.01,0.23067331303091454,0.22600787434814787,0.9560117302052786,0.9473684210526315,0.9415384615384615,0.9797746925230947,0.01
cancer,32,sgd,1003,0.1,49.66,0.22549046786147228,0.27407430871112826,0.9618768328445748,0.9035087719298246,0.890718954248366,1.2154585127718256,0.01
cancer,32,sgd,1009,0.1,102.97,0.24357094032893964,0.20104645205178978,0.9501466275659824,0.9649122807017544,0.9614864864864865,0.8254123081360977,0.001
cancer,32,sgd,1000,0.1,107.54,0.2280325970383,0.24401549889997262,0.9530791788856305,0.9473684210526315,0.9422297297297297,1.0700904259709332,0.01
cancer,32,sgd,1005,0.1,54.95,0.2314081822151894,0.2594262282347751,0.9501466275659824,0.9298245614035088,0.9210526315789473,1.1210762979570505,0.01
cancer,32,sgd,1002,0.1,108.73,0.22564566573665087,0.23663700877202792,0.9413489736070382,0.9736842105263158,0.9715828832571666,1.0487106322184134,0.01
cancer,32,sgd,1006,0.1,55.47,0.21597519920739575,0.2421188582676881,0.9589442815249267,0.9298245614035088,0.9220512820512821,1.1210493573161946,0.01
cancer,32,sgd,1004,0.1,111.15,0.22815819974548193,0.22491106466801644,0.9618768328445748,0.9385964912280702,0.9329805996472662,0.9857680544416647,0.01
cancer,32,sgd,1009,0.1,55.05,0.24149551906722877,0.1985908212421724,0.9501466275659824,0.9649122807017544,0.9614864864864865,0.8223374993011264,0.01
cancer,32,sgd,1001,0.1,55.31,0.2306482271922561,0.22602247385433624,0.9560117302052786,0.9473684210526315,0.9415384615384615,0.9799445528186779,0.05
cancer,32,sgd,1007,0.1,115.95,0.23300938515543376,0.2424699396520391,0.9589442815249267,0.9298245614035088,0.9210526315789473,1.0406016027650324,0.01
cancer,32,sgd,1003,0.1,54.67,0.2243861712851398,0.27314060899197523,0.9618768328445748,0.9035087719298246,0.890718954248366,1.2172791550727096,0.05
cancer,32,sgd,1008,0.1,114.7,0.23929536418088174,0.23253303966769423,0.9442815249266863,0.9649122807017544,0.9614864864864865,0.971740678987513,0.01
cancer,32,sgd,1004,0.1,53.19,0.22680856310663505,0.22337026310019317,0.9618768328445748,0.9385964912280702,0.9329805996472662,0.984840519425956,0.05
cancer,32,sgd,1000,0.1,113.36,0.22822896131452217,0.24450224846842017,0.9530791788856305,0.9473684210526315,0.9422297297297297,1.0713024633691068,0.05
cancer,32,sgd,1002,0.1,110.77,0.22543540871181417,0.23711405545538866,0.9442815249266863,0.9649122807017544,0.9623015873015872,1.0518048464982,0.05
cancer,32,sgd,1006,0.1,47.05,0.2157549398434975,0.24170557250046018,0.9618768328445748,0.9385964912280702,0.9322062696457395,1.120278278104717,0.05
cancer,32,sgd,1008,0.1,46.98,0.23921378029249998,0.23261949360659498,0.9442815249266863,0.9649122807017544,0.9614864864864865,0.9724334999520438,0.05
cancer,32,sgd,1005,0.1,101.81,0.23197475699192252,0.2597728843963554,0.9501466275659824,0.9298245614035088,0.9210526315789473,1.1198325531833655,0.05
cancer,32,sgd,1001,0.1,49.21,0.23037113066976453,0.22599570399379668,0.9560117302052786,0.9473684210526315,0.9415384615384615,0.9810070529964104,0.1
cancer,32,sgd,1007,0.1,101.67,0.2326516607521999,0.24263540028539357,0.9530791788856305,0.9298245614035088,0.9210526315789473,1.0429128229771267,0.05
cancer,32,sgd,1002,0.1,51.25,0.22543834370097274,0.23817815718214708,0.9472140762463344,0.956140350877193,0.9531057178116001,1.0565112982646498,0.1
cancer,32,sgd,1009,0.1,103.35,0.24079054403663921,0.19758460277444145,0.9501466275659824,0.9649122807017544,0.9614864864864865,0.820566287455111,0.05
cancer,32,sgd,1000,0.1,105.83,0.22838645807987304,0.24507901962514528,0.9530791788856305,0.9473684210526315,0.9422297297297297,1.0730891038182062,0.1
cancer,32,sgd,1004,0.1,55.2,0.22667264899815703,0.22317727464126141,0.9618768328445748,0.9385964912280702,0.9329805996472662,0.9845796377624544,0.1
cancer,32,sgd,1006,0.1,55.23,0.21490110198470394,0.2409680213237125,0.9618768328445748,0.9298245614035088,0.9220512820512821,1.1212972809272237,0.1
cancer,32,sgd,1003,0.1,114.57,0.2239603511301407,0.2727378078566101,0.9618768328445748,0.9035087719298246,0.890718954248366,1.2177950538134557,0.1
cancer,32,sgd,1009,0.1,55.65,0.2398411772275118,0.19616727341496573,0.9501466275659824,0.9649122807017544,0.9614864864864865,0.8179048972432399,0.1
cancer,32,sgd,1000,0.1,56.01,0.22608388905114488,0.24362857590121192,0.9442815249266863,0.9385964912280702,0.9322062696457395,1.0776025524140647,0.5
cancer,32,sgd,1005,0.1,115.99,0.23354594286833333,0.2609886193888702,0.9501466275659824,0.9385964912280702,0.9313666465984347,1.1175044027033614,0.1
cancer,32,sgd,1007,0.1,116.23,0.23243640143472571,0.24310027876362592,0.9501466275659824,0.9210526315789473,0.9105882352941177,1.0458786888072473,0.1
cancer,32,sgd,1008,0.1,116.43,0.24004657732492182,0.23366234332308156,0.9472140762463344,0.9649122807017544,0.9614864864864865,0.9734041865000278,0.1
cancer,32,sgd,1002,0.1,55.55,0.22668220346394757,0.2465711567061771,0.9501466275659824,0.9473684210526315,0.9439895185063871,1.0877393678828993,0.5
cancer,32,sgd,1003,0.1,55.97,0.22144181126444262,0.26696170825907006,0.9589442815249267,0.9122807017543859,0.9013157894736843,1.2055614372674555,0.5
cancer,32,sgd,1001,0.1,115.81,0.2268015095794677,0.2265328339097352,0.9413489736070382,0.9210526315789473,0.9105882352941177,0.9988153708931184,0.5
cancer,32,sgd,1007,0.1,54.28,0.23292514432321768,0.24573302593547633,0.9442815249266863,0.9210526315789473,0.9105882352941177,1.0549871146349312,0.5
cancer,32,sgd,1004,0.1,102.99,0.2285349379831177,0.2232538063645813,0.9530791788856305,0.9298245614035088,0.922972972972973,0.9768913599594714,0.5
cancer,32,sgd,1008,0.1,52.54,0.2414406941235975,0.23441806883500907,0.9442815249266863,0.9736842105263158,0.9712773998488284,0.970913663439878,0.5
cancer,32,sgd,1005,0.1,100.46,0.24249274070943255,0.2682799631780978,0.9530791788856305,0.9385964912280702,0.9313666465984347,1.1063422451048333,0.5
cancer,32,sgd,1006,0.1,89.38,0.21179206811557047,0.23750814417534502,0.9648093841642229,0.9385964912280702,0.9322062696457395,1.1214213369206152,0.5
cancer,32,sgd,1009,0.1,40.71,0.2382229437761719,0.19436843175129387,0.9501466275659824,0.9649122807017544,0.9614864864864865,0.8159097888317484,0.5
